stair.thisTrialN,stair.stepSize,stair.intensity,thisRow.t,notes,Instructions.started,text.started,key_resp_2.started,Instructions.stopped,key_resp_2.keys,key_resp_2.rt,key_resp_2.duration,trial.started,fixation.started,grating.started,key_resp.started,fixation.stopped,grating.stopped,trial.stopped,corrAns,tilt,key-resp.corr,stair.response,key_resp.rt,Thank_You_.started,text_2.started,text_2.stopped,Thank_You_.stopped,participant,session,date,expName,expVersion,psychopyVersion,frameRate,expStart
,,,,,0.0047922,0.0216257,0.0216257,11.1999687,space,11.1542874,None,,,,,,,,,,,,,,,,,2,1,2025-08-30_17h56.25.898,adaptive_staircase,,2025.1.1,60.32778494,2025-08-30 17h56.32.314943 +0530
0,2,10,11.2085967,,,,,,,,,11.2004663,11.2085967,11.7076207,11.7076207,11.7231544,12.0217337,12.2396306,right,10,1,1,0.521126,,,,,2,1,2025-08-30_17h56.25.898,adaptive_staircase,,2025.1.1,60.32778494,2025-08-30 17h56.32.314943 +0530
1,2,8,12.2549229,,,,,,,,,12.2400657,12.2549229,12.7396453,12.7396453,12.7559054,13.054503,13.1403555,right,8,1,1,0.3870792,,,,,2,1,2025-08-30_17h56.25.898,adaptive_staircase,,2025.1.1,60.32778494,2025-08-30 17h56.32.314943 +0530
2,2,6,13.1564255,,,,,,,,,13.1407626,13.1564255,13.6397192,13.6397192,13.6560157,13.9402919,14.0235117,left,-6,1,1,0.3787407,,,,,2,1,2025-08-30_17h56.25.898,adaptive_staircase,,2025.1.1,60.32778494,2025-08-30 17h56.32.314943 +0530
3,2,4,14.0400678,,,,,,,,,14.0239168,14.0400678,14.5234095,14.5234095,14.539266,14.8225906,14.8750451,right,4,1,1,0.3501529,,,,,2,1,2025-08-30_17h56.25.898,adaptive_staircase,,2025.1.1,60.32778494,2025-08-30 17h56.32.314943 +0530
4,1,2,14.8888802,,,,,,,,,14.8754424,14.8888802,15.389208,15.389208,15.389208,15.6891408,15.6899102,left,-2,0,0,0.2985516,,,,,2,1,2025-08-30_17h56.25.898,adaptive_staircase,,2025.1.1,60.32778494,2025-08-30 17h56.32.314943 +0530
5,1,3,15.7062365,,,,,,,,,15.690257,15.7062365,16.2063905,16.2063905,16.2063905,16.5058363,16.6068361,right,3,1,1,0.3855938,,,,,2,1,2025-08-30_17h56.25.898,adaptive_staircase,,2025.1.1,60.32778494,2025-08-30 17h56.32.314943 +0530
6,1,3,16.6222235,,,,,,,,,16.6071525,16.6222235,17.1219454,17.1219454,17.1219454,,17.3736583,right,3,0,0,0.2495029,,,,,2,1,2025-08-30_17h56.25.898,adaptive_staircase,,2025.1.1,60.32778494,2025-08-30 17h56.32.314943 +0530
7,1,4,17.3891689,,,,,,,,,17.3741158,17.3891689,17.8729442,17.8729442,17.8891371,18.1726153,18.2398435,right,4,1,1,0.3528117,,,,,2,1,2025-08-30_17h56.25.898,adaptive_staircase,,2025.1.1,60.32778494,2025-08-30 17h56.32.314943 +0530
8,1,4,18.2558292,,,,,,,,,18.2402589,18.2558292,18.7559106,18.7559106,18.7559106,19.0561625,19.1578606,left,-4,1,1,0.3972309,,,,,2,1,2025-08-30_17h56.25.898,adaptive_staircase,,2025.1.1,60.32778494,2025-08-30 17h56.32.314943 +0530
9,1,4,19.172466,,,,,,,,,19.1582588,19.172466,19.6722598,19.6722598,19.6722598,19.9728042,20.0399468,left,-4,1,1,0.3633567,,,,,2,1,2025-08-30_17h56.25.898,adaptive_staircase,,2025.1.1,60.32778494,2025-08-30 17h56.32.314943 +0530
10,1,3,20.0561968,,,,,,,,,20.0403053,20.0561968,20.5386227,20.5386227,20.5557945,20.8390711,20.8891078,left,-3,1,1,0.3430232,,,,,2,1,2025-08-30_17h56.25.898,adaptive_staircase,,2025.1.1,60.32778494,2025-08-30 17h56.32.314943 +0530
11,1,3,20.9063202,,,,,,,,,20.8894945,20.9063202,21.3892912,21.3892912,21.405273,21.6897019,21.8898849,right,3,1,1,0.4874975,,,,,2,1,2025-08-30_17h56.25.898,adaptive_staircase,,2025.1.1,60.32778494,2025-08-30 17h56.32.314943 +0530
12,1,3,21.9045085,,,,,,,,,21.8902629,21.9045085,22.3886941,22.3886941,22.4045007,22.6891905,22.7726,left,-3,1,1,0.378215,,,,,2,1,2025-08-30_17h56.25.898,adaptive_staircase,,2025.1.1,60.32778494,2025-08-30 17h56.32.314943 +0530
13,1,2,22.7881449,,,,,,,,,22.7729497,22.7881449,23.2723713,23.2723713,23.2889059,23.5733073,23.723808,left,-2,1,1,0.4472061,,,,,2,1,2025-08-30_17h56.25.898,adaptive_staircase,,2025.1.1,60.32778494,2025-08-30 17h56.32.314943 +0530
14,1,2,23.7386044,,,,,,,,,23.724575,23.7386044,24.2390635,24.2390635,24.2390635,24.5395594,24.622647,left,-2,1,1,0.3747516,,,,,2,1,2025-08-30_17h56.25.898,adaptive_staircase,,2025.1.1,60.32778494,2025-08-30 17h56.32.314943 +0530
15,0.5,2,24.6387811,,,,,,,,,24.6230269,24.6387811,25.1215779,25.1215779,25.1388983,25.4212477,25.4384966,right,2,0,0,0.310091,,,,,2,1,2025-08-30_17h56.25.898,adaptive_staircase,,2025.1.1,60.32778494,2025-08-30 17h56.32.314943 +0530
16,0.5,2.5,25.4541352,,,,,,,,,25.4389519,25.4541352,25.9393399,25.9393399,25.9555858,26.2388477,26.3919389,right,2.5,1,1,0.4498603,,,,,2,1,2025-08-30_17h56.25.898,adaptive_staircase,,2025.1.1,60.32778494,2025-08-30 17h56.32.314943 +0530
17,0.5,2.5,26.4047351,,,,,,,,,26.3923454,26.4047351,26.905199,26.905199,26.905199,27.2062074,27.2226175,left,-2.5,0,0,0.3025301,,,,,2,1,2025-08-30_17h56.25.898,adaptive_staircase,,2025.1.1,60.32778494,2025-08-30 17h56.32.314943 +0530
18,0.5,3,27.2390101,,,,,,,,,27.2230279,27.2390101,27.7375049,27.7375049,27.7540808,28.0390208,30.4392483,left,-3,1,1,2.6888636,,,,,2,1,2025-08-30_17h56.25.898,adaptive_staircase,,2025.1.1,60.32778494,2025-08-30 17h56.32.314943 +0530
19,0.5,3,30.4540172,,,,,,,,,30.4397502,30.4540172,30.9391096,30.9391096,30.9550904,31.2383902,31.4391584,right,3,1,1,0.4887848,,,,,2,1,2025-08-30_17h56.25.898,adaptive_staircase,,2025.1.1,60.32778494,2025-08-30 17h56.32.314943 +0530
20,0.5,3,31.4550692,,,,,,,,,31.4395342,31.4550692,31.9537803,31.9537803,31.9537803,32.2552707,32.4900831,left,-3,1,1,0.5302296,,,,,2,1,2025-08-30_17h56.25.898,adaptive_staircase,,2025.1.1,60.32778494,2025-08-30 17h56.32.314943 +0530
21,0.5,2.5,32.5053409,,,,,,,,,32.4904794,32.5053409,33.0041213,33.0041213,33.0041213,33.3039441,33.4546878,right,2.5,1,1,0.4347063,,,,,2,1,2025-08-30_17h56.25.898,adaptive_staircase,,2025.1.1,60.32778494,2025-08-30 17h56.32.314943 +0530
22,0.5,2.5,33.4704898,,,,,,,,,33.4550376,33.4704898,33.970267,33.970267,33.970267,34.2702099,34.4215082,left,-2.5,1,1,0.4414737,,,,,2,1,2025-08-30_17h56.25.898,adaptive_staircase,,2025.1.1,60.32778494,2025-08-30 17h56.32.314943 +0530
23,0.5,2.5,34.4374169,,,,,,,,,34.4217872,34.4374169,34.9361544,34.9361544,34.9361544,35.2365544,35.3700042,right,2.5,1,1,0.4267176,,,,,2,1,2025-08-30_17h56.25.898,adaptive_staircase,,2025.1.1,60.32778494,2025-08-30 17h56.32.314943 +0530
24,0.5,2,35.3861762,,,,,,,,,35.3702408,35.3861762,35.8697988,35.8697988,35.8865195,36.1692575,36.3371449,left,-2,1,1,0.4524841,,,,,2,1,2025-08-30_17h56.25.898,adaptive_staircase,,2025.1.1,60.32778494,2025-08-30 17h56.32.314943 +0530
25,0.5,2,36.3528643,,,,,,,,,36.3373144,36.3528643,36.8364998,36.8364998,36.8528567,37.1359505,37.2367476,right,2,0,0,0.3926155,,,,,2,1,2025-08-30_17h56.25.898,adaptive_staircase,,2025.1.1,60.32778494,2025-08-30 17h56.32.314943 +0530
26,0.5,2.5,37.2525897,,,,,,,,,37.2369555,37.2525897,37.7365337,37.7365337,37.7529601,38.0364448,38.1199269,right,2.5,1,1,0.3670835,,,,,2,1,2025-08-30_17h56.25.898,adaptive_staircase,,2025.1.1,60.32778494,2025-08-30 17h56.32.314943 +0530
27,0.5,2.5,38.1361327,,,,,,,,,38.1201298,38.1361327,38.6192171,38.6192171,38.6362702,38.9193837,38.953313,right,2.5,1,1,0.3311309,,,,,2,1,2025-08-30_17h56.25.898,adaptive_staircase,,2025.1.1,60.32778494,2025-08-30 17h56.32.314943 +0530
28,0.5,2.5,38.9693082,,,,,,,,,38.9534622,38.9693082,39.4529497,39.4529497,39.4694131,39.7526729,39.8032637,left,-2.5,0,0,0.3426289,,,,,2,1,2025-08-30_17h56.25.898,adaptive_staircase,,2025.1.1,60.32778494,2025-08-30 17h56.32.314943 +0530
29,0.5,3,39.8195028,,,,,,,,,39.8034509,39.8195028,40.3029423,40.3029423,40.3192328,40.6025327,40.7531102,right,3,1,1,0.4341794,,,,,2,1,2025-08-30_17h56.25.898,adaptive_staircase,,2025.1.1,60.32778494,2025-08-30 17h56.32.314943 +0530
30,0.5,3,40.7693134,,,,,,,,,40.7532973,40.7693134,41.2526194,41.2526194,41.2697644,41.5531595,41.6532368,right,3,1,1,0.3873044,,,,,2,1,2025-08-30_17h56.25.898,adaptive_staircase,,2025.1.1,60.32778494,2025-08-30 17h56.32.314943 +0530
31,0.5,3,41.6691532,,,,,,,,,41.6533978,41.6691532,42.1527601,42.1527601,42.1694448,42.4546182,42.5373595,left,-3,1,1,0.3781442,,,,,2,1,2025-08-30_17h56.25.898,adaptive_staircase,,2025.1.1,60.32778494,2025-08-30 17h56.32.314943 +0530
32,0.5,2.5,42.554335,,,,,,,,,42.5376922,42.554335,43.0374682,43.0374682,43.054839,43.3380297,43.4390005,right,2.5,1,1,0.3887766,,,,,2,1,2025-08-30_17h56.25.898,adaptive_staircase,,2025.1.1,60.32778494,2025-08-30 17h56.32.314943 +0530
33,0.5,2.5,43.4542384,,,,,,,,,43.4393908,43.4542384,43.9541937,43.9541937,43.970959,44.2544831,44.4215466,right,2.5,1,1,0.4517152,,,,,2,1,2025-08-30_17h56.25.898,adaptive_staircase,,2025.1.1,60.32778494,2025-08-30 17h56.32.314943 +0530
34,0.5,2.5,44.4377563,,,,,,,,,44.4219825,44.4377563,44.9206418,44.9206418,44.936844,45.2208168,45.2719983,right,2.5,1,1,0.3491297,,,,,2,1,2025-08-30_17h56.25.898,adaptive_staircase,,2025.1.1,60.32778494,2025-08-30 17h56.32.314943 +0530
35,0.5,2,45.2877516,,,,,,,,,45.2723266,45.2877516,45.787346,45.787346,45.787346,46.1048604,46.1550735,right,2,1,1,0.3526845,,,,,2,1,2025-08-30_17h56.25.898,adaptive_staircase,,2025.1.1,60.32778494,2025-08-30 17h56.32.314943 +0530
36,0.5,2,46.1704891,,,,,,,,,46.1554205,46.1704891,46.6709747,46.6709747,46.6709747,46.9710297,47.0880937,left,-2,1,1,0.4149954,,,,,2,1,2025-08-30_17h56.25.898,adaptive_staircase,,2025.1.1,60.32778494,2025-08-30 17h56.32.314943 +0530
37,0.5,2,47.103139,,,,,,,,,47.0884986,47.103139,47.6043492,47.6043492,47.6043492,47.9044745,48.0874509,right,2,1,1,0.4819159,,,,,2,1,2025-08-30_17h56.25.898,adaptive_staircase,,2025.1.1,60.32778494,2025-08-30 17h56.32.314943 +0530
38,0.5,1.5,48.1027371,,,,,,,,,48.0879204,48.1027371,48.5876758,48.5876758,48.6039463,48.8876279,49.1217066,right,1.5,1,1,0.5168312,,,,,2,1,2025-08-30_17h56.25.898,adaptive_staircase,,2025.1.1,60.32778494,2025-08-30 17h56.32.314943 +0530
39,0.5,1.5,49.1373847,,,,,,,,,49.1221994,49.1373847,49.637405,49.637405,49.637405,49.9373943,50.1541117,left,-1.5,1,1,0.5069291,,,,,2,1,2025-08-30_17h56.25.898,adaptive_staircase,,2025.1.1,60.32778494,2025-08-30 17h56.32.314943 +0530
40,0.5,1.5,50.169825,,,,,,,,,50.154461,50.169825,50.6539396,50.6539396,50.6702405,50.9536701,51.2217187,left,-1.5,1,1,0.5536998,,,,,2,1,2025-08-30_17h56.25.898,adaptive_staircase,,2025.1.1,60.32778494,2025-08-30 17h56.32.314943 +0530
41,0.5,1,51.2377267,,,,,,,,,51.2221535,51.2377267,51.7374037,51.7374037,51.7374037,52.0544884,52.3212164,right,1,1,1,0.5760142,,,,,2,1,2025-08-30_17h56.25.898,adaptive_staircase,,2025.1.1,60.32778494,2025-08-30 17h56.32.314943 +0530
42,0.5,1,52.3374629,,,,,,,,,52.3215769,52.3374629,52.8206587,52.8206587,52.8375554,53.1211227,53.3387149,right,1,0,0,0.5129356,,,,,2,1,2025-08-30_17h56.25.898,adaptive_staircase,,2025.1.1,60.32778494,2025-08-30 17h56.32.314943 +0530
43,0.5,1.5,53.3546116,,,,,,,,,53.3391109,53.3546116,53.8540867,53.8540867,53.8708202,54.1541793,54.1713226,left,-1.5,0,0,0.3109031,,,,,2,1,2025-08-30_17h56.25.898,adaptive_staircase,,2025.1.1,60.32778494,2025-08-30 17h56.32.314943 +0530
44,0.5,2,54.1874484,,,,,,,,,54.1716899,54.1874484,54.670472,54.670472,54.6879584,54.9703838,55.1036839,left,-2,0,0,0.4274716,,,,,2,1,2025-08-30_17h56.25.898,adaptive_staircase,,2025.1.1,60.32778494,2025-08-30 17h56.32.314943 +0530
45,0.5,2.5,55.1213113,,,,,,,,,55.1040191,55.1213113,55.6032732,55.6032732,55.636955,55.904135,55.9894318,left,-2.5,0,0,0.3825188,,,,,2,1,2025-08-30_17h56.25.898,adaptive_staircase,,2025.1.1,60.32778494,2025-08-30 17h56.32.314943 +0530
46,0.5,3,56.0040758,,,,,,,,,55.9898504,56.0040758,56.5036958,56.5036958,56.5036958,56.8038177,57.0200565,left,-3,1,1,0.5067395,,,,,2,1,2025-08-30_17h56.25.898,adaptive_staircase,,2025.1.1,60.32778494,2025-08-30 17h56.32.314943 +0530
47,0.5,3,57.0360142,,,,,,,,,57.0203462,57.0360142,57.5206738,57.5206738,57.5370579,57.8207456,57.9883409,left,-3,1,1,0.4528141,,,,,2,1,2025-08-30_17h56.25.898,adaptive_staircase,,2025.1.1,60.32778494,2025-08-30 17h56.32.314943 +0530
48,0.5,3,58.0038766,,,,,,,,,57.9887184,58.0038766,58.504327,58.504327,58.5206092,58.8040277,59.1542588,right,3,0,0,0.6421359,,,,,2,1,2025-08-30_17h56.25.898,adaptive_staircase,,2025.1.1,60.32778494,2025-08-30 17h56.32.314943 +0530
49,0.5,3.5,59.1708047,,,,,,,,,59.1546424,59.1708047,59.6537424,59.6537424,59.6708147,59.9707419,60.2870811,right,3.5,1,1,0.6263756,,,,,2,1,2025-08-30_17h56.25.898,adaptive_staircase,,2025.1.1,60.32778494,2025-08-30 17h56.32.314943 +0530
50,0.5,3.5,60.3041153,,,,,,,,,60.2874414,60.3041153,60.7858745,60.7858745,60.8208256,61.0876327,61.1379767,right,3.5,1,1,0.3499053,,,,,2,1,2025-08-30_17h56.25.898,adaptive_staircase,,2025.1.1,60.32778494,2025-08-30 17h56.32.314943 +0530
51,0.5,3.5,61.1535809,,,,,,,,,61.1384719,61.1535809,61.65378,61.65378,61.65378,61.9536213,62.0546795,left,-3.5,1,1,0.3963899,,,,,2,1,2025-08-30_17h56.25.898,adaptive_staircase,,2025.1.1,60.32778494,2025-08-30 17h56.32.314943 +0530
52,0.5,3,62.0706264,,,,,,,,,62.0550749,62.0706264,62.5692508,62.5692508,62.5692508,62.8705334,62.9879928,right,3,1,1,0.4037981,,,,,2,1,2025-08-30_17h56.25.898,adaptive_staircase,,2025.1.1,60.32778494,2025-08-30 17h56.32.314943 +0530
53,0.5,3,63.0032927,,,,,,,,,62.9884404,63.0032927,63.4865223,63.4865223,63.5034403,63.7871393,63.9371648,right,3,1,1,0.4415067,,,,,2,1,2025-08-30_17h56.25.898,adaptive_staircase,,2025.1.1,60.32778494,2025-08-30 17h56.32.314943 +0530
54,0.5,3,63.9539417,,,,,,,,,63.9374883,63.9539417,64.4370759,64.4370759,64.4535871,64.7375366,64.8208546,right,3,1,1,0.3778056,,,,,2,1,2025-08-30_17h56.25.898,adaptive_staircase,,2025.1.1,60.32778494,2025-08-30 17h56.32.314943 +0530
55,0.5,2.5,64.8369475,,,,,,,,,64.8212122,64.8369475,65.320307,65.320307,65.3366898,65.6206244,65.7375338,left,-2.5,1,1,0.4082588,,,,,2,1,2025-08-30_17h56.25.898,adaptive_staircase,,2025.1.1,60.32778494,2025-08-30 17h56.32.314943 +0530
56,0.5,2.5,65.7534223,,,,,,,,,65.7379858,65.7534223,66.2533045,66.2533045,66.2533045,66.5538784,66.6711537,left,-2.5,1,1,0.4019968,,,,,2,1,2025-08-30_17h56.25.898,adaptive_staircase,,2025.1.1,60.32778494,2025-08-30 17h56.32.314943 +0530
57,0.5,2.5,66.6858113,,,,,,,,,66.6715928,66.6858113,67.1868832,67.1868832,67.1868832,67.4869004,67.6041981,left,-2.5,1,1,0.40695,,,,,2,1,2025-08-30_17h56.25.898,adaptive_staircase,,2025.1.1,60.32778494,2025-08-30 17h56.32.314943 +0530
58,0.5,2,67.6199037,,,,,,,,,67.6046183,67.6199037,68.1197597,68.1197597,68.1197597,68.4198587,68.570931,right,2,1,1,0.4375833,,,,,2,1,2025-08-30_17h56.25.898,adaptive_staircase,,2025.1.1,60.32778494,2025-08-30 17h56.32.314943 +0530
59,0.5,2,68.5867237,,,,,,,,,68.5713768,68.5867237,69.0692839,69.0692839,69.0864744,69.3697463,69.4538253,right,2,1,1,0.3731825,,,,,2,1,2025-08-30_17h56.25.898,adaptive_staircase,,2025.1.1,60.32778494,2025-08-30 17h56.32.314943 +0530
60,0.5,2,69.4698959,,,,,,,,,69.45426,69.4698959,69.953463,69.953463,69.9698667,70.2537592,70.4202359,left,-2,1,1,0.4555497,,,,,2,1,2025-08-30_17h56.25.898,adaptive_staircase,,2025.1.1,60.32778494,2025-08-30 17h56.32.314943 +0530
61,0.5,1.5,70.4366577,,,,,,,,,70.4206363,70.4366577,70.9199226,70.9199226,70.9369175,71.2199928,71.3066789,right,1.5,0,0,0.3827694,,,,,2,1,2025-08-30_17h56.25.898,adaptive_staircase,,2025.1.1,60.32778494,2025-08-30 17h56.32.314943 +0530
62,0.5,2,71.3195719,,,,,,,,,71.3070116,71.3195719,71.8198908,71.8198908,71.8198908,72.1207473,72.2708235,left,-2,1,1,0.4360172,,,,,2,1,2025-08-30_17h56.25.898,adaptive_staircase,,2025.1.1,60.32778494,2025-08-30 17h56.32.314943 +0530
63,0.5,2,72.2862885,,,,,,,,,72.271257,72.2862885,72.7699637,72.7699637,72.7865573,73.0701431,73.4385363,left,-2,1,1,0.6648338,,,,,2,1,2025-08-30_17h56.25.898,adaptive_staircase,,2025.1.1,60.32778494,2025-08-30 17h56.32.314943 +0530
64,0.5,2,73.4531768,,,,,,,,,73.4389318,73.4531768,73.9536676,73.9536676,73.9536676,74.2530632,74.4376184,right,2,1,1,0.4689214,,,,,2,1,2025-08-30_17h56.25.898,adaptive_staircase,,2025.1.1,60.32778494,2025-08-30 17h56.32.314943 +0530
65,0.5,1.5,74.4533074,,,,,,,,,74.4379995,74.4533074,74.9520823,74.9520823,74.9520823,75.2530193,75.3713804,left,-1.5,1,1,0.4143021,,,,,2,1,2025-08-30_17h56.25.898,adaptive_staircase,,2025.1.1,60.32778494,2025-08-30 17h56.32.314943 +0530
66,0.5,1.5,75.3860003,,,,,,,,,75.3717979,75.3860003,75.8860772,75.8860772,75.8860772,76.2031043,76.3206502,right,1.5,1,1,0.4281193,,,,,2,1,2025-08-30_17h56.25.898,adaptive_staircase,,2025.1.1,60.32778494,2025-08-30 17h56.32.314943 +0530
67,0.5,1.5,76.3362846,,,,,,,,,76.3210032,76.3362846,76.8193363,76.8193363,76.836531,77.1194215,77.3205062,left,-1.5,1,1,0.4891904,,,,,2,1,2025-08-30_17h56.25.898,adaptive_staircase,,2025.1.1,60.32778494,2025-08-30 17h56.32.314943 +0530
68,0.5,1,77.3363527,,,,,,,,,77.3209044,77.3363527,77.8363566,77.8363566,77.8363566,78.1367876,78.5871211,right,1,1,1,0.7357739,,,,,2,1,2025-08-30_17h56.25.898,adaptive_staircase,,2025.1.1,60.32778494,2025-08-30 17h56.32.314943 +0530
69,0.5,1,78.6041473,,,,,,,,,78.5875705,78.6041473,79.1018272,79.1018272,79.1180625,79.4031755,79.7374165,right,1,1,1,0.6211217,,,,,2,1,2025-08-30_17h56.25.898,adaptive_staircase,,2025.1.1,60.32778494,2025-08-30 17h56.32.314943 +0530
70,0.5,1,79.7530507,,,,,,,,,79.7377935,79.7530507,80.2527382,80.2527382,80.2527382,80.5529522,80.6365062,right,1,1,1,0.3722516,,,,,2,1,2025-08-30_17h56.25.898,adaptive_staircase,,2025.1.1,60.32778494,2025-08-30 17h56.32.314943 +0530
71,0.5,1,80.6527031,,,,,,,,,80.6368922,80.6527031,81.1355806,81.1355806,81.1518866,81.4363703,81.5713333,right,1,1,1,0.4310863,,,,,2,1,2025-08-30_17h56.25.898,adaptive_staircase,,2025.1.1,60.32778494,2025-08-30 17h56.32.314943 +0530
72,0.5,1,81.5859274,,,,,,,,,81.5716802,81.5859274,82.0863561,82.0863561,82.0863561,82.3844699,82.4556806,right,1,1,1,0.3641318,,,,,2,1,2025-08-30_17h56.25.898,adaptive_staircase,,2025.1.1,60.32778494,2025-08-30 17h56.32.314943 +0530
73,0.5,1,82.4690925,,,,,,,,,82.4561695,82.4690925,82.9682449,82.9682449,82.9682449,83.2683582,83.4536149,left,-1,1,1,0.472637,,,,,2,1,2025-08-30_17h56.25.898,adaptive_staircase,,2025.1.1,60.32778494,2025-08-30 17h56.32.314943 +0530
74,0.5,1,83.4693522,,,,,,,,,83.4540644,83.4693522,83.9697548,83.9697548,83.9697548,84.269024,84.4701977,left,-1,1,1,0.486151,,,,,2,1,2025-08-30_17h56.25.898,adaptive_staircase,,2025.1.1,60.32778494,2025-08-30 17h56.32.314943 +0530
75,0.5,1,84.485531,,,,,,,,,84.4706074,84.485531,84.9690389,84.9690389,84.9847555,85.2691302,85.6215223,right,1,1,1,0.6480478,,,,,2,1,2025-08-30_17h56.25.898,adaptive_staircase,,2025.1.1,60.32778494,2025-08-30 17h56.32.314943 +0530
76,0.5,1,85.6357354,,,,,,,,,85.6218807,85.6357354,86.135605,86.135605,86.135605,86.4533414,86.5200454,right,1,1,1,0.3671579,,,,,2,1,2025-08-30_17h56.25.898,adaptive_staircase,,2025.1.1,60.32778494,2025-08-30 17h56.32.314943 +0530
77,0.5,1,86.5358232,,,,,,,,,86.5204562,86.5358232,87.0179855,87.0179855,87.0530863,87.3197764,87.4684478,right,1,1,1,0.4436116,,,,,2,1,2025-08-30_17h56.25.898,adaptive_staircase,,2025.1.1,60.32778494,2025-08-30 17h56.32.314943 +0530
78,0.5,1,87.4844049,,,,,,,,,87.4689434,87.4844049,87.9677559,87.9677559,87.9842717,88.2674544,88.368573,right,1,1,1,0.3901715,,,,,2,1,2025-08-30_17h56.25.898,adaptive_staircase,,2025.1.1,60.32778494,2025-08-30 17h56.32.314943 +0530
79,0.5,1,88.3847824,,,,,,,,,88.3688267,88.3847824,88.8678858,88.8678858,88.8846714,89.1691673,89.3360804,right,1,1,1,0.4544069,,,,,2,1,2025-08-30_17h56.25.898,adaptive_staircase,,2025.1.1,60.32778494,2025-08-30 17h56.32.314943 +0530
80,0.5,1,89.3525532,,,,,,,,,89.336449,89.3525532,89.8354404,89.8354404,89.8519223,90.1357057,90.2191379,right,1,1,1,0.3776378,,,,,2,1,2025-08-30_17h56.25.898,adaptive_staircase,,2025.1.1,60.32778494,2025-08-30 17h56.32.314943 +0530
81,0.5,1,90.2353432,,,,,,,,,90.219511,90.2353432,90.718766,90.718766,90.7351802,91.0185195,91.1034441,right,1,1,1,0.3690791,,,,,2,1,2025-08-30_17h56.25.898,adaptive_staircase,,2025.1.1,60.32778494,2025-08-30 17h56.32.314943 +0530
82,0.5,1,91.1190247,,,,,,,,,91.1039438,91.1190247,91.6188051,91.6188051,91.6188051,91.9190047,92.0871125,left,-1,1,1,0.4540633,,,,,2,1,2025-08-30_17h56.25.898,adaptive_staircase,,2025.1.1,60.32778494,2025-08-30 17h56.32.314943 +0530
83,0.5,1,92.1019533,,,,,,,,,92.0875295,92.1019533,92.6021904,92.6021904,92.6183934,92.9022856,93.0179886,left,-1,0,0,0.4043933,,,,,2,1,2025-08-30_17h56.25.898,adaptive_staircase,,2025.1.1,60.32778494,2025-08-30 17h56.32.314943 +0530
84,0.5,1.5,93.0355039,,,,,,,,,93.0182955,93.0355039,93.5190402,93.5190402,93.5343364,93.8185941,93.9032456,left,-1.5,1,1,0.3657821,,,,,2,1,2025-08-30_17h56.25.898,adaptive_staircase,,2025.1.1,60.32778494,2025-08-30 17h56.32.314943 +0530
85,0.5,1.5,93.9189875,,,,,,,,,93.9036225,93.9189875,94.4188075,94.4188075,94.4188075,94.7189496,94.8190339,left,-1.5,1,1,0.3912134,,,,,2,1,2025-08-30_17h56.25.898,adaptive_staircase,,2025.1.1,60.32778494,2025-08-30 17h56.32.314943 +0530
86,0.5,1.5,94.8357379,,,,,,,,,94.8194853,94.8357379,95.318577,95.318577,95.3357937,95.6340051,95.8530257,right,1.5,1,1,0.5174471,,,,,2,1,2025-08-30_17h56.25.898,adaptive_staircase,,2025.1.1,60.32778494,2025-08-30 17h56.32.314943 +0530
87,0.5,1,95.8690196,,,,,,,,,95.8534625,95.8690196,96.3686111,96.3686111,96.3686111,96.6687806,96.8695779,right,1,0,0,0.4863517,,,,,2,1,2025-08-30_17h56.25.898,adaptive_staircase,,2025.1.1,60.32778494,2025-08-30 17h56.32.314943 +0530
88,0.5,1.5,96.8850254,,,,,,,,,96.8699948,96.8850254,97.3846971,97.3846971,97.3846971,97.6840269,97.8692924,right,1.5,0,0,0.4714721,,,,,2,1,2025-08-30_17h56.25.898,adaptive_staircase,,2025.1.1,60.32778494,2025-08-30 17h56.32.314943 +0530
89,0.5,2,97.8855184,,,,,,,,,97.8697315,97.8855184,98.385063,98.385063,98.385063,98.6853543,98.869368,left,-2,1,1,0.4783978,,,,,2,1,2025-08-30_17h56.25.898,adaptive_staircase,,2025.1.1,60.32778494,2025-08-30 17h56.32.314943 +0530
90,0.5,2,98.8852809,,,,,,,,,98.869794,98.8852809,99.3851948,99.3851948,99.3851948,99.685359,99.7844426,right,2,1,1,0.3850925,,,,,2,1,2025-08-30_17h56.25.898,adaptive_staircase,,2025.1.1,60.32778494,2025-08-30 17h56.32.314943 +0530
91,0.5,2,99.8016673,,,,,,,,,99.7847618,99.8016673,100.2855166,100.2855166,100.3018618,100.5851864,100.6852484,left,-2,1,1,0.3917331,,,,,2,1,2025-08-30_17h56.25.898,adaptive_staircase,,2025.1.1,60.32778494,2025-08-30 17h56.32.314943 +0530
92,0.5,1.5,100.7018164,,,,,,,,,100.6856356,100.7018164,101.1852062,101.1852062,101.2016462,101.4852437,101.5858632,right,1.5,1,1,0.3849475,,,,,2,1,2025-08-30_17h56.25.898,adaptive_staircase,,2025.1.1,60.32778494,2025-08-30 17h56.32.314943 +0530
93,0.5,1.5,101.6016495,,,,,,,,,101.5863139,101.6016495,102.08484,102.08484,102.1014336,102.3845296,102.6359675,left,-1.5,1,1,0.5376563,,,,,2,1,2025-08-30_17h56.25.898,adaptive_staircase,,2025.1.1,60.32778494,2025-08-30 17h56.32.314943 +0530
94,0.5,1.5,102.6516024,,,,,,,,,102.6367975,102.6516024,103.1354053,103.1354053,103.1515144,103.4357198,103.5853674,left,-1.5,1,1,0.4444711,,,,,2,1,2025-08-30_17h56.25.898,adaptive_staircase,,2025.1.1,60.32778494,2025-08-30 17h56.32.314943 +0530
95,0.5,1,103.6017946,,,,,,,,,103.5857107,103.6017946,104.0851333,104.0851333,104.1020249,104.3838692,104.5185008,left,-1,1,1,0.4179972,,,,,2,1,2025-08-30_17h56.25.898,adaptive_staircase,,2025.1.1,60.32778494,2025-08-30 17h56.32.314943 +0530
96,0.5,1,104.5347903,,,,,,,,,104.5188803,104.5347903,105.0175379,105.0175379,105.0349826,105.3184414,105.450981,left,-1,1,1,0.4257855,,,,,2,1,2025-08-30_17h56.25.898,adaptive_staircase,,2025.1.1,60.32778494,2025-08-30 17h56.32.314943 +0530
97,0.5,1,105.4684284,,,,,,,,,105.4513277,105.4684284,105.9501312,105.9501312,105.9834224,106.2516691,106.3020359,left,-1,1,1,0.3404799,,,,,2,1,2025-08-30_17h56.25.898,adaptive_staircase,,2025.1.1,60.32778494,2025-08-30 17h56.32.314943 +0530
98,0.5,1,106.3186822,,,,,,,,,106.3024339,106.3186822,106.8014681,106.8014681,106.817578,107.1017378,107.1852627,left,-1,1,1,0.3736532,,,,,2,1,2025-08-30_17h56.25.898,adaptive_staircase,,2025.1.1,60.32778494,2025-08-30 17h56.32.314943 +0530
99,0.5,1,107.2014799,,,,,,,,,107.1856705,107.2014799,107.6844029,107.6844029,107.7004073,107.9848819,107.9857692,left,-1,1,1,0.2832358,,,,,2,1,2025-08-30_17h56.25.898,adaptive_staircase,,2025.1.1,60.32778494,2025-08-30 17h56.32.314943 +0530
,,,,,,,,,,,,,,,,,,,,,,,,107.9860406,108.0004452,110.0017714,109.9852152,2,1,2025-08-30_17h56.25.898,adaptive_staircase,,2025.1.1,60.32778494,2025-08-30 17h56.32.314943 +0530
