thisN,thisTrialN,thisRepN,key_resp.keys,key_resp.corr,key_resp.rt,key_resp.duration,tilt,trials.thisRepN,trials.thisTrialN,trials.thisN,trials.thisIndex,thisRow.t,notes,Instructions_.started,text.started,key_resp_2.started,Instructions_.stopped,key_resp_2.keys,key_resp_2.rt,key_resp_2.duration,trial.started,fixation.started,fixation.stopped,key_resp.started,trial.stopped,trials.key_resp.keys,trials.key_resp.corr,trials.key_resp.rt,trials.key_resp.duration,trials.tilt,Thank_you_.started,text_2.started,text_2.stopped,Thank_you_.stopped,participant,session,date,expName,expVersion,psychopyVersion,frameRate,expStart
,,,,,,,,,,,,,,0.0026202,0.0071902,0.0071902,17.168606,space,17.087988,None,,,,,,,,,,,,,,,1,1,2025-09-09_16h17.02.501,orient_discrimination,,2025.1.1,60.04696871,2025-09-09 16h17.24.217771 +0530
0,0,0,down,1,0.8980288,None,1,0,0,0,0,17.1738323,,,,,,,,,17.1698262,17.1738323,18.1810784,18.1810784,19.0814583,down,1,0.8980288,None,1,,,,,1,1,2025-09-09_16h17.02.501,orient_discrimination,,2025.1.1,60.04696871,2025-09-09 16h17.24.217771 +0530
1,0,1,down,1,0.8049889,None,1,1,0,1,0,19.0978888,,,,,,,,,19.0817771,19.0978888,20.0982166,20.0814502,20.8983557,down,1,0.8049889,None,1,,,,,1,1,2025-09-09_16h17.02.501,orient_discrimination,,2025.1.1,60.04696871,2025-09-09 16h17.24.217771 +0530
2,0,2,up,0,0.8766793,None,-2,2,0,2,0,20.9146109,,,,,,,,,20.898594,20.9146109,21.9146854,21.8979993,22.7816532,up,0,0.8766793,None,-2,,,,,1,1,2025-09-09_16h17.02.501,orient_discrimination,,2025.1.1,60.04696871,2025-09-09 16h17.24.217771 +0530
3,0,3,up,1,0.4896537,None,0,3,0,3,0,22.7979127,,,,,,,,,22.7818288,22.7979127,23.7978109,23.7811119,24.281185,up,1,0.4896537,None,0,,,,,1,1,2025-09-09_16h17.02.501,orient_discrimination,,2025.1.1,60.04696871,2025-09-09 16h17.24.217771 +0530
4,0,4,up,1,3.4569107,None,0,4,0,4,0,24.2975796,,,,,,,,,24.2813777,24.2975796,25.2977999,25.2810055,28.747678,up,1,3.4569107,None,0,,,,,1,1,2025-09-09_16h17.02.501,orient_discrimination,,2025.1.1,60.04696871,2025-09-09 16h17.24.217771 +0530
5,0,5,down,1,0.8347821,None,2,5,0,5,0,28.7643789,,,,,,,,,28.7480077,28.7643789,29.7640867,29.747534,30.5976085,down,1,0.8347821,None,2,,,,,1,1,2025-09-09_16h17.02.501,orient_discrimination,,2025.1.1,60.04696871,2025-09-09 16h17.24.217771 +0530
6,0,6,down,1,0.6763993,None,-5,6,0,6,0,30.6138843,,,,,,,,,30.597812,30.6138843,31.6140899,31.5975224,32.2808049,down,1,0.6763993,None,-5,,,,,1,1,2025-09-09_16h17.02.501,orient_discrimination,,2025.1.1,60.04696871,2025-09-09 16h17.24.217771 +0530
7,0,7,up,1,0.6040742,None,0,7,0,7,0,32.2975183,,,,,,,,,32.2809732,32.2975183,33.2975405,33.2806531,33.8974835,up,1,0.6040742,None,0,,,,,1,1,2025-09-09_16h17.02.501,orient_discrimination,,2025.1.1,60.04696871,2025-09-09 16h17.24.217771 +0530
8,0,8,down,1,0.6036621,None,-2,8,0,8,0,33.9138475,,,,,,,,,33.8976888,33.9138475,34.9138374,34.897182,35.5141303,down,1,0.6036621,None,-2,,,,,1,1,2025-09-09_16h17.02.501,orient_discrimination,,2025.1.1,60.04696871,2025-09-09 16h17.24.217771 +0530
9,0,9,up,1,1.0431935,None,0,9,0,9,0,35.5304752,,,,,,,,,35.5143815,35.5304752,36.5307215,36.5138333,37.5638533,up,1,1.0431935,None,0,,,,,1,1,2025-09-09_16h17.02.501,orient_discrimination,,2025.1.1,60.04696871,2025-09-09 16h17.24.217771 +0530
10,0,10,down,1,0.5327334,None,4,10,0,10,0,37.580209,,,,,,,,,37.5641584,37.580209,38.5805341,38.5638048,39.1158457,down,1,0.5327334,None,4,,,,,1,1,2025-09-09_16h17.02.501,orient_discrimination,,2025.1.1,60.04696871,2025-09-09 16h17.24.217771 +0530
11,0,11,down,1,0.4905189,None,4,11,0,11,0,39.1302446,,,,,,,,,39.1161249,39.1302446,40.1304663,40.1304663,40.6303926,down,1,0.4905189,None,4,,,,,1,1,2025-09-09_16h17.02.501,orient_discrimination,,2025.1.1,60.04696871,2025-09-09 16h17.24.217771 +0530
12,0,12,up,1,0.6792596,None,0,12,0,12,0,40.6470265,,,,,,,,,40.6305781,40.6470265,41.6470155,41.6306561,42.3139176,up,1,0.6792596,None,0,,,,,1,1,2025-09-09_16h17.02.501,orient_discrimination,,2025.1.1,60.04696871,2025-09-09 16h17.24.217771 +0530
13,0,13,down,0,1.0607856,None,0,13,0,13,0,42.3301603,,,,,,,,,42.314108,42.3301603,43.3299125,43.3134335,44.3801304,down,0,1.0607856,None,0,,,,,1,1,2025-09-09_16h17.02.501,orient_discrimination,,2025.1.1,60.04696871,2025-09-09 16h17.24.217771 +0530
14,0,14,up,1,0.5231601,None,0,14,0,14,0,44.3966346,,,,,,,,,44.3802917,44.3966346,45.3967309,45.3800974,45.913505,up,1,0.5231601,None,0,,,,,1,1,2025-09-09_16h17.02.501,orient_discrimination,,2025.1.1,60.04696871,2025-09-09 16h17.24.217771 +0530
15,0,15,down,1,0.8066444,None,1,15,0,15,0,45.9299028,,,,,,,,,45.9137059,45.9299028,46.9297347,46.9130814,47.7301052,down,1,0.8066444,None,1,,,,,1,1,2025-09-09_16h17.02.501,orient_discrimination,,2025.1.1,60.04696871,2025-09-09 16h17.24.217771 +0530
16,0,16,up,1,0.6460305,None,0,16,0,16,0,47.746458,,,,,,,,,47.7302771,47.746458,48.7465085,48.7300279,49.3801277,up,1,0.6460305,None,0,,,,,1,1,2025-09-09_16h17.02.501,orient_discrimination,,2025.1.1,60.04696871,2025-09-09 16h17.24.217771 +0530
17,0,17,down,1,0.7226115,None,-4,17,0,17,0,49.3964676,,,,,,,,,49.3803413,49.3964676,50.3962675,50.3797794,51.1131543,down,1,0.7226115,None,-4,,,,,1,1,2025-09-09_16h17.02.501,orient_discrimination,,2025.1.1,60.04696871,2025-09-09 16h17.24.217771 +0530
18,0,18,up,1,0.8280839,None,0,18,0,18,0,51.1296006,,,,,,,,,51.1133725,51.1296006,52.1296557,52.1128663,52.9463079,up,1,0.8280839,None,0,,,,,1,1,2025-09-09_16h17.02.501,orient_discrimination,,2025.1.1,60.04696871,2025-09-09 16h17.24.217771 +0530
19,0,19,up,1,0.6191882,None,0,19,0,19,0,52.9627161,,,,,,,,,52.9465247,52.9627161,53.9909666,53.9876641,54.6131051,up,1,0.6191882,None,0,,,,,1,1,2025-09-09_16h17.02.501,orient_discrimination,,2025.1.1,60.04696871,2025-09-09 16h17.24.217771 +0530
20,0,20,up,0,0.4556122,None,4,20,0,20,0,54.6296753,,,,,,,,,54.6132973,54.6296753,55.6298725,55.612804,56.0798215,up,0,0.4556122,None,4,,,,,1,1,2025-09-09_16h17.02.501,orient_discrimination,,2025.1.1,60.04696871,2025-09-09 16h17.24.217771 +0530
21,0,21,up,1,0.6820512,None,0,21,0,21,0,56.0962599,,,,,,,,,56.0800092,56.0962599,57.0959264,57.0794085,57.7628281,up,1,0.6820512,None,0,,,,,1,1,2025-09-09_16h17.02.501,orient_discrimination,,2025.1.1,60.04696871,2025-09-09 16h17.24.217771 +0530
22,0,22,down,1,0.4861804,None,-3,22,0,22,0,57.7792825,,,,,,,,,57.7630266,57.7792825,58.7795244,58.762834,59.2630552,down,1,0.4861804,None,-3,,,,,1,1,2025-09-09_16h17.02.501,orient_discrimination,,2025.1.1,60.04696871,2025-09-09 16h17.24.217771 +0530
23,0,23,up,1,0.741335,None,0,23,0,23,0,59.2792792,,,,,,,,,59.2632336,59.2792792,60.2792239,60.2625923,61.0129396,up,1,0.741335,None,0,,,,,1,1,2025-09-09_16h17.02.501,orient_discrimination,,2025.1.1,60.04696871,2025-09-09 16h17.24.217771 +0530
24,0,24,down,1,0.9232599,None,1,24,0,24,0,61.0292109,,,,,,,,,61.013127,61.0292109,62.0291121,62.0125673,62.9460574,down,1,0.9232599,None,1,,,,,1,1,2025-09-09_16h17.02.501,orient_discrimination,,2025.1.1,60.04696871,2025-09-09 16h17.24.217771 +0530
25,0,25,down,1,0.947598,None,-3,25,0,25,0,62.9626277,,,,,,,,,62.9462498,62.9626277,63.9625407,63.9458518,64.8958768,down,1,0.947598,None,-3,,,,,1,1,2025-09-09_16h17.02.501,orient_discrimination,,2025.1.1,60.04696871,2025-09-09 16h17.24.217771 +0530
26,0,26,up,1,0.5629336,None,0,26,0,26,0,64.9123738,,,,,,,,,64.8960345,64.9123738,65.9123679,65.8958866,66.4624562,up,1,0.5629336,None,0,,,,,1,1,2025-09-09_16h17.02.501,orient_discrimination,,2025.1.1,60.04696871,2025-09-09 16h17.24.217771 +0530
27,0,27,down,1,0.8262584,None,2,27,0,27,0,66.4787302,,,,,,,,,66.4626491,66.4787302,67.4788461,67.4623491,68.295736,down,1,0.8262584,None,2,,,,,1,1,2025-09-09_16h17.02.501,orient_discrimination,,2025.1.1,60.04696871,2025-09-09 16h17.24.217771 +0530
28,0,28,up,1,0.642999,None,0,28,0,28,0,68.31216,,,,,,,,,68.295891,68.31216,69.3120235,69.2953612,69.9459294,up,1,0.642999,None,0,,,,,1,1,2025-09-09_16h17.02.501,orient_discrimination,,2025.1.1,60.04696871,2025-09-09 16h17.24.217771 +0530
29,0,29,up,1,0.4705138,None,0,29,0,29,0,69.9620547,,,,,,,,,69.9461107,69.9620547,70.962227,70.9454793,71.4291748,up,1,0.4705138,None,0,,,,,1,1,2025-09-09_16h17.02.501,orient_discrimination,,2025.1.1,60.04696871,2025-09-09 16h17.24.217771 +0530
30,0,30,up,0,0.9336755,None,2,30,0,30,0,71.4454692,,,,,,,,,71.4293527,71.4454692,72.4454709,72.4286308,73.3789457,up,0,0.9336755,None,2,,,,,1,1,2025-09-09_16h17.02.501,orient_discrimination,,2025.1.1,60.04696871,2025-09-09 16h17.24.217771 +0530
31,0,31,up,1,0.4880942,None,0,31,0,31,0,73.3952682,,,,,,,,,73.3791085,73.3952682,74.3955391,74.3787482,74.8790229,up,1,0.4880942,None,0,,,,,1,1,2025-09-09_16h17.02.501,orient_discrimination,,2025.1.1,60.04696871,2025-09-09 16h17.24.217771 +0530
32,0,32,up,1,0.7565468,None,0,32,0,32,0,74.8952796,,,,,,,,,74.8792253,74.8952796,75.8952485,75.87839,76.6456579,up,1,0.7565468,None,0,,,,,1,1,2025-09-09_16h17.02.501,orient_discrimination,,2025.1.1,60.04696871,2025-09-09 16h17.24.217771 +0530
33,0,33,up,1,0.6493244,None,0,33,0,33,0,76.6618164,,,,,,,,,76.6458379,76.6618164,77.6618502,77.6452284,78.3120894,up,1,0.6493244,None,0,,,,,1,1,2025-09-09_16h17.02.501,orient_discrimination,,2025.1.1,60.04696871,2025-09-09 16h17.24.217771 +0530
34,0,34,down,1,0.5830758,None,-5,34,0,34,0,78.3284186,,,,,,,,,78.3123057,78.3284186,79.3284346,79.3117761,79.9118872,down,1,0.5830758,None,-5,,,,,1,1,2025-09-09_16h17.02.501,orient_discrimination,,2025.1.1,60.04696871,2025-09-09 16h17.24.217771 +0530
35,0,35,up,1,0.5651506,None,0,35,0,35,0,79.9281979,,,,,,,,,79.912068,79.9281979,80.9283788,80.9117574,81.4785664,up,1,0.5651506,None,0,,,,,1,1,2025-09-09_16h17.02.501,orient_discrimination,,2025.1.1,60.04696871,2025-09-09 16h17.24.217771 +0530
36,0,36,up,1,0.4374296,None,0,36,0,36,0,81.4949349,,,,,,,,,81.4787323,81.4949349,82.4949284,82.4782503,82.9284037,up,1,0.4374296,None,0,,,,,1,1,2025-09-09_16h17.02.501,orient_discrimination,,2025.1.1,60.04696871,2025-09-09 16h17.24.217771 +0530
37,0,37,down,0,0.8118094,None,0,37,0,37,0,82.9446742,,,,,,,,,82.9285603,82.9446742,83.9448513,83.9281353,84.7451707,down,0,0.8118094,None,0,,,,,1,1,2025-09-09_16h17.02.501,orient_discrimination,,2025.1.1,60.04696871,2025-09-09 16h17.24.217771 +0530
38,0,38,down,1,0.7205459,None,-3,38,0,38,0,84.7614978,,,,,,,,,84.7453457,84.7614978,85.761435,85.7448744,86.4784399,down,1,0.7205459,None,-3,,,,,1,1,2025-09-09_16h17.02.501,orient_discrimination,,2025.1.1,60.04696871,2025-09-09 16h17.24.217771 +0530
39,0,39,down,1,0.7917978,None,-2,39,0,39,0,86.4944898,,,,,,,,,86.4786482,86.4944898,87.4945472,87.4780197,88.2781386,down,1,0.7917978,None,-2,,,,,1,1,2025-09-09_16h17.02.501,orient_discrimination,,2025.1.1,60.04696871,2025-09-09 16h17.24.217771 +0530
40,0,40,down,1,0.6157475,None,-5,40,0,40,0,88.2947559,,,,,,,,,88.2783406,88.2947559,89.2946812,89.2779358,89.8951079,down,1,0.6157475,None,-5,,,,,1,1,2025-09-09_16h17.02.501,orient_discrimination,,2025.1.1,60.04696871,2025-09-09 16h17.24.217771 +0530
41,0,41,down,0,0.5548144,None,0,41,0,41,0,89.9111913,,,,,,,,,89.8953193,89.9111913,90.9110584,90.8944134,91.4615013,down,0,0.5548144,None,0,,,,,1,1,2025-09-09_16h17.02.501,orient_discrimination,,2025.1.1,60.04696871,2025-09-09 16h17.24.217771 +0530
42,0,42,down,1,0.5547862,None,1,42,0,42,0,91.477639,,,,,,,,,91.4616963,91.477639,92.4777646,92.4613146,93.0277898,down,1,0.5547862,None,1,,,,,1,1,2025-09-09_16h17.02.501,orient_discrimination,,2025.1.1,60.04696871,2025-09-09 16h17.24.217771 +0530
43,0,43,down,1,0.5060749,None,-2,43,0,43,0,93.0444207,,,,,,,,,93.0280054,93.0444207,94.0444275,94.0277146,94.5446797,down,1,0.5060749,None,-2,,,,,1,1,2025-09-09_16h17.02.501,orient_discrimination,,2025.1.1,60.04696871,2025-09-09 16h17.24.217771 +0530
44,0,44,down,1,0.5857887,None,-2,44,0,44,0,94.5610498,,,,,,,,,94.5449001,94.5610498,95.5610275,95.5444657,96.1443458,down,1,0.5857887,None,-2,,,,,1,1,2025-09-09_16h17.02.501,orient_discrimination,,2025.1.1,60.04696871,2025-09-09 16h17.24.217771 +0530
45,0,45,down,0,0.5323779,None,0,45,0,45,0,96.1610284,,,,,,,,,96.1445216,96.1610284,97.1608644,97.1444482,97.6776094,down,0,0.5323779,None,0,,,,,1,1,2025-09-09_16h17.02.501,orient_discrimination,,2025.1.1,60.04696871,2025-09-09 16h17.24.217771 +0530
46,0,46,down,1,0.4537332,None,3,46,0,46,0,97.6940545,,,,,,,,,97.6778249,97.6940545,98.6941565,98.6773482,99.1441105,down,1,0.4537332,None,3,,,,,1,1,2025-09-09_16h17.02.501,orient_discrimination,,2025.1.1,60.04696871,2025-09-09 16h17.24.217771 +0530
47,0,47,down,1,0.4071908,None,-5,47,0,47,0,99.1605748,,,,,,,,,99.1442844,99.1605748,100.1607185,100.1441647,100.5609759,down,1,0.4071908,None,-5,,,,,1,1,2025-09-09_16h17.02.501,orient_discrimination,,2025.1.1,60.04696871,2025-09-09 16h17.24.217771 +0530
48,0,48,down,1,0.5175294,None,-5,48,0,48,0,100.5771582,,,,,,,,,100.561154,100.5771582,101.5773507,101.5607384,102.0943993,down,1,0.5175294,None,-5,,,,,1,1,2025-09-09_16h17.02.501,orient_discrimination,,2025.1.1,60.04696871,2025-09-09 16h17.24.217771 +0530
49,0,49,down,0,0.4364898,None,0,49,0,49,0,102.1106441,,,,,,,,,102.0945714,102.1106441,103.1108389,103.094082,103.5439839,down,0,0.4364898,None,0,,,,,1,1,2025-09-09_16h17.02.501,orient_discrimination,,2025.1.1,60.04696871,2025-09-09 16h17.24.217771 +0530
50,0,50,down,0,0.3702762,None,0,50,0,50,0,103.560518,,,,,,,,,103.5441415,103.560518,104.5606307,104.5438386,104.9274019,down,0,0.3702762,None,0,,,,,1,1,2025-09-09_16h17.02.501,orient_discrimination,,2025.1.1,60.04696871,2025-09-09 16h17.24.217771 +0530
51,0,51,down,0,0.430514,None,0,51,0,51,0,104.9437821,,,,,,,,,104.927577,104.9437821,105.9438985,105.9272591,106.3605096,down,0,0.430514,None,0,,,,,1,1,2025-09-09_16h17.02.501,orient_discrimination,,2025.1.1,60.04696871,2025-09-09 16h17.24.217771 +0530
52,0,52,down,1,0.4065608,None,-2,52,0,52,0,106.3769189,,,,,,,,,106.3607052,106.3769189,107.3768748,107.3603107,107.7769804,down,1,0.4065608,None,-2,,,,,1,1,2025-09-09_16h17.02.501,orient_discrimination,,2025.1.1,60.04696871,2025-09-09 16h17.24.217771 +0530
53,0,53,down,0,0.3654321,None,0,53,0,53,0,107.7934468,,,,,,,,,107.7771666,107.7934468,108.793513,108.776862,109.1436616,down,0,0.3654321,None,0,,,,,1,1,2025-09-09_16h17.02.501,orient_discrimination,,2025.1.1,60.04696871,2025-09-09 16h17.24.217771 +0530
54,0,54,up,0,0.6182983,None,3,54,0,54,0,109.1600385,,,,,,,,,109.1438334,109.1600385,110.1600884,110.1434414,110.7768824,up,0,0.6182983,None,3,,,,,1,1,2025-09-09_16h17.02.501,orient_discrimination,,2025.1.1,60.04696871,2025-09-09 16h17.24.217771 +0530
55,0,55,down,1,0.6765911,None,-3,55,0,55,0,110.7933952,,,,,,,,,110.7770609,110.7933952,111.7933638,111.7766889,112.4604023,down,1,0.6765911,None,-3,,,,,1,1,2025-09-09_16h17.02.501,orient_discrimination,,2025.1.1,60.04696871,2025-09-09 16h17.24.217771 +0530
56,0,56,down,1,0.570279,None,2,56,0,56,0,112.4766021,,,,,,,,,112.4605965,112.4766021,113.4765888,113.4599607,114.0436932,down,1,0.570279,None,2,,,,,1,1,2025-09-09_16h17.02.501,orient_discrimination,,2025.1.1,60.04696871,2025-09-09 16h17.24.217771 +0530
57,0,57,down,1,0.8072984,None,3,57,0,57,0,114.0600232,,,,,,,,,114.0439172,114.0600232,115.0600187,115.0433877,115.8600991,down,1,0.8072984,None,3,,,,,1,1,2025-09-09_16h17.02.501,orient_discrimination,,2025.1.1,60.04696871,2025-09-09 16h17.24.217771 +0530
58,0,58,down,1,0.4391889,None,3,58,0,58,0,115.8764517,,,,,,,,,115.8603094,115.8764517,116.8766298,116.8597462,117.3100385,down,1,0.4391889,None,3,,,,,1,1,2025-09-09_16h17.02.501,orient_discrimination,,2025.1.1,60.04696871,2025-09-09 16h17.24.217771 +0530
59,0,59,down,1,0.4038337,None,-4,59,0,59,0,117.3264484,,,,,,,,,117.3102513,117.3264484,118.3263503,118.3096162,118.7265301,down,1,0.4038337,None,-4,,,,,1,1,2025-09-09_16h17.02.501,orient_discrimination,,2025.1.1,60.04696871,2025-09-09 16h17.24.217771 +0530
60,0,60,down,1,0.4725351,None,2,60,0,60,0,118.7430522,,,,,,,,,118.7267515,118.7430522,119.7430629,119.726334,120.2096774,down,1,0.4725351,None,2,,,,,1,1,2025-09-09_16h17.02.501,orient_discrimination,,2025.1.1,60.04696871,2025-09-09 16h17.24.217771 +0530
61,0,61,down,0,0.5119272,None,0,61,0,61,0,120.2264166,,,,,,,,,120.2098559,120.2264166,121.2266278,121.2093891,121.7264821,down,0,0.5119272,None,0,,,,,1,1,2025-09-09_16h17.02.501,orient_discrimination,,2025.1.1,60.04696871,2025-09-09 16h17.24.217771 +0530
62,0,62,down,0,0.5109416,None,0,62,0,62,0,121.742648,,,,,,,,,121.7266565,121.742648,122.7429157,122.7262369,123.2430965,down,0,0.5109416,None,0,,,,,1,1,2025-09-09_16h17.02.501,orient_discrimination,,2025.1.1,60.04696871,2025-09-09 16h17.24.217771 +0530
63,0,63,down,0,0.4095932,None,0,63,0,63,0,123.2594096,,,,,,,,,123.2432634,123.2594096,124.2595576,124.2426587,124.6597197,down,0,0.4095932,None,0,,,,,1,1,2025-09-09_16h17.02.501,orient_discrimination,,2025.1.1,60.04696871,2025-09-09 16h17.24.217771 +0530
64,0,64,down,0,0.3992734,None,0,64,0,64,0,124.6760994,,,,,,,,,124.6598718,124.6760994,125.6760633,125.6591923,126.0597058,down,0,0.3992734,None,0,,,,,1,1,2025-09-09_16h17.02.501,orient_discrimination,,2025.1.1,60.04696871,2025-09-09 16h17.24.217771 +0530
65,0,65,down,1,1.1044768,None,-4,65,0,65,0,126.0760813,,,,,,,,,126.0599075,126.0760813,127.0760802,127.0594807,128.1759436,down,1,1.1044768,None,-4,,,,,1,1,2025-09-09_16h17.02.501,orient_discrimination,,2025.1.1,60.04696871,2025-09-09 16h17.24.217771 +0530
66,0,66,up,1,4.1378613,None,0,66,0,66,0,128.1926076,,,,,,,,,128.1761179,128.1926076,129.1925783,129.1759316,133.3255314,up,1,4.1378613,None,0,,,,,1,1,2025-09-09_16h17.02.501,orient_discrimination,,2025.1.1,60.04696871,2025-09-09 16h17.24.217771 +0530
67,0,67,down,0,0.9441518,None,0,67,0,67,0,133.3422158,,,,,,,,,133.3257128,133.3422158,134.3421533,134.3261441,135.2758539,down,0,0.9441518,None,0,,,,,1,1,2025-09-09_16h17.02.501,orient_discrimination,,2025.1.1,60.04696871,2025-09-09 16h17.24.217771 +0530
68,0,68,down,1,0.6435856,None,-5,68,0,68,0,135.2923202,,,,,,,,,135.2760492,135.2923202,136.2922934,136.2755892,136.9256669,down,1,0.6435856,None,-5,,,,,1,1,2025-09-09_16h17.02.501,orient_discrimination,,2025.1.1,60.04696871,2025-09-09 16h17.24.217771 +0530
69,0,69,down,1,0.6514673,None,3,69,0,69,0,136.9421843,,,,,,,,,136.9259145,136.9421843,137.9423204,137.925468,138.5924388,down,1,0.6514673,None,3,,,,,1,1,2025-09-09_16h17.02.501,orient_discrimination,,2025.1.1,60.04696871,2025-09-09 16h17.24.217771 +0530
70,0,70,up,0,0.7139651,None,-2,70,0,70,0,138.6088355,,,,,,,,,138.5926333,138.6088355,139.6087568,139.5922292,140.3089919,up,0,0.7139651,None,-2,,,,,1,1,2025-09-09_16h17.02.501,orient_discrimination,,2025.1.1,60.04696871,2025-09-09 16h17.24.217771 +0530
71,0,71,up,0,1.5509752,None,2,71,0,71,0,140.3252466,,,,,,,,,140.3091939,140.3252466,141.3252665,141.308699,142.8753905,up,0,1.5509752,None,2,,,,,1,1,2025-09-09_16h17.02.501,orient_discrimination,,2025.1.1,60.04696871,2025-09-09 16h17.24.217771 +0530
72,0,72,up,1,0.7201382,None,0,72,0,72,0,142.8919501,,,,,,,,,142.8756221,142.8919501,143.8918882,143.8752197,144.6101087,up,1,0.7201382,None,0,,,,,1,1,2025-09-09_16h17.02.501,orient_discrimination,,2025.1.1,60.04696871,2025-09-09 16h17.24.217771 +0530
73,0,73,down,1,0.5450657,None,2,73,0,73,0,144.6251577,,,,,,,,,144.6103292,144.6251577,145.6250751,145.6250751,146.1752666,down,1,0.5450657,None,2,,,,,1,1,2025-09-09_16h17.02.501,orient_discrimination,,2025.1.1,60.04696871,2025-09-09 16h17.24.217771 +0530
74,0,74,down,1,0.6937791,None,-3,74,0,74,0,146.1914786,,,,,,,,,146.1754859,146.1914786,147.1917003,147.1750418,147.8751436,down,1,0.6937791,None,-3,,,,,1,1,2025-09-09_16h17.02.501,orient_discrimination,,2025.1.1,60.04696871,2025-09-09 16h17.24.217771 +0530
75,0,75,down,1,0.471172,None,-4,75,0,75,0,147.8916296,,,,,,,,,147.8753335,147.8916296,148.8917398,148.874932,149.3585324,down,1,0.471172,None,-4,,,,,1,1,2025-09-09_16h17.02.501,orient_discrimination,,2025.1.1,60.04696871,2025-09-09 16h17.24.217771 +0530
76,0,76,down,1,0.8410892,None,-2,76,0,76,0,149.3747222,,,,,,,,,149.3587048,149.3747222,150.3748185,150.3582285,151.2083534,down,1,0.8410892,None,-2,,,,,1,1,2025-09-09_16h17.02.501,orient_discrimination,,2025.1.1,60.04696871,2025-09-09 16h17.24.217771 +0530
77,0,77,up,1,1.0261357,None,0,77,0,77,0,151.2247463,,,,,,,,,151.2085178,151.2247463,152.2248422,152.2080671,153.2413742,up,1,1.0261357,None,0,,,,,1,1,2025-09-09_16h17.02.501,orient_discrimination,,2025.1.1,60.04696871,2025-09-09 16h17.24.217771 +0530
78,0,78,up,1,0.565994,None,0,78,0,78,0,153.257935,,,,,,,,,153.2415509,153.257935,154.258006,154.2415204,154.8249589,up,1,0.565994,None,0,,,,,1,1,2025-09-09_16h17.02.501,orient_discrimination,,2025.1.1,60.04696871,2025-09-09 16h17.24.217771 +0530
79,0,79,up,0,0.6071427,None,-2,79,0,79,0,154.8413383,,,,,,,,,154.8251324,154.8413383,155.8412385,155.8245374,156.4415731,up,0,0.6071427,None,-2,,,,,1,1,2025-09-09_16h17.02.501,orient_discrimination,,2025.1.1,60.04696871,2025-09-09 16h17.24.217771 +0530
80,0,80,down,1,0.9310325,None,2,80,0,80,0,156.4577794,,,,,,,,,156.4417548,156.4577794,157.45796,157.441245,158.3744099,down,1,0.9310325,None,2,,,,,1,1,2025-09-09_16h17.02.501,orient_discrimination,,2025.1.1,60.04696871,2025-09-09 16h17.24.217771 +0530
81,0,81,down,1,0.7674498,None,-4,81,0,81,0,158.3911317,,,,,,,,,158.374582,158.3911317,159.3910708,159.3744082,160.158734,down,1,0.7674498,None,-4,,,,,1,1,2025-09-09_16h17.02.501,orient_discrimination,,2025.1.1,60.04696871,2025-09-09 16h17.24.217771 +0530
82,0,82,down,1,0.7392058,None,3,82,0,82,0,160.1743791,,,,,,,,,160.1589194,160.1743791,161.1744419,161.1744419,161.924514,down,1,0.7392058,None,3,,,,,1,1,2025-09-09_16h17.02.501,orient_discrimination,,2025.1.1,60.04696871,2025-09-09 16h17.24.217771 +0530
83,0,83,down,1,0.7993315,None,2,83,0,83,0,161.9409288,,,,,,,,,161.9247079,161.9409288,162.9409863,162.9243033,163.7246758,down,1,0.7993315,None,2,,,,,1,1,2025-09-09_16h17.02.501,orient_discrimination,,2025.1.1,60.04696871,2025-09-09 16h17.24.217771 +0530
84,0,84,up,1,0.9402815,None,0,84,0,84,0,163.7407291,,,,,,,,,163.7248585,163.7407291,164.7407791,164.7242082,165.6742563,up,1,0.9402815,None,0,,,,,1,1,2025-09-09_16h17.02.501,orient_discrimination,,2025.1.1,60.04696871,2025-09-09 16h17.24.217771 +0530
85,0,85,up,1,0.8593076,None,0,85,0,85,0,165.6904433,,,,,,,,,165.6744902,165.6904433,166.690858,166.6739956,167.5409813,up,1,0.8593076,None,0,,,,,1,1,2025-09-09_16h17.02.501,orient_discrimination,,2025.1.1,60.04696871,2025-09-09 16h17.24.217771 +0530
86,0,86,down,0,0.7046369,None,0,86,0,86,0,167.5571505,,,,,,,,,167.5412323,167.5571505,168.5574018,168.540688,169.2575304,down,0,0.7046369,None,0,,,,,1,1,2025-09-09_16h17.02.501,orient_discrimination,,2025.1.1,60.04696871,2025-09-09 16h17.24.217771 +0530
87,0,87,down,0,0.4610184,None,0,87,0,87,0,169.2738926,,,,,,,,,169.2576925,169.2738926,170.2738972,170.2572396,170.7240114,down,0,0.4610184,None,0,,,,,1,1,2025-09-09_16h17.02.501,orient_discrimination,,2025.1.1,60.04696871,2025-09-09 16h17.24.217771 +0530
88,0,88,down,0,0.4193551,None,0,88,0,88,0,170.740367,,,,,,,,,170.7241875,170.740367,171.7406193,171.7239968,172.1572884,down,0,0.4193551,None,0,,,,,1,1,2025-09-09_16h17.02.501,orient_discrimination,,2025.1.1,60.04696871,2025-09-09 16h17.24.217771 +0530
89,0,89,up,0,0.9642499,None,2,89,0,89,0,172.1737933,,,,,,,,,172.157462,172.1737933,173.1735178,173.1570734,174.1238114,up,0,0.9642499,None,2,,,,,1,1,2025-09-09_16h17.02.501,orient_discrimination,,2025.1.1,60.04696871,2025-09-09 16h17.24.217771 +0530
90,0,90,up,0,0.8175644,None,2,90,0,90,0,174.1404101,,,,,,,,,174.1240336,174.1404101,175.1402142,175.1235973,175.9572417,up,0,0.8175644,None,2,,,,,1,1,2025-09-09_16h17.02.501,orient_discrimination,,2025.1.1,60.04696871,2025-09-09 16h17.24.217771 +0530
91,0,91,down,0,0.5464029,None,0,91,0,91,0,175.9733626,,,,,,,,,175.9574135,175.9733626,176.9736146,176.9567727,177.5069282,down,0,0.5464029,None,0,,,,,1,1,2025-09-09_16h17.02.501,orient_discrimination,,2025.1.1,60.04696871,2025-09-09 16h17.24.217771 +0530
92,0,92,up,0,0.6345877,None,2,92,0,92,0,177.5233198,,,,,,,,,177.5071036,177.5233198,178.523465,178.5069787,179.156979,up,0,0.6345877,None,2,,,,,1,1,2025-09-09_16h17.02.501,orient_discrimination,,2025.1.1,60.04696871,2025-09-09 16h17.24.217771 +0530
93,0,93,down,1,0.5403792,None,-2,93,0,93,0,179.1732637,,,,,,,,,179.1571709,179.1732637,180.1733047,180.1567898,180.7069979,down,1,0.5403792,None,-2,,,,,1,1,2025-09-09_16h17.02.501,orient_discrimination,,2025.1.1,60.04696871,2025-09-09 16h17.24.217771 +0530
94,0,94,down,0,1.1998223,None,0,94,0,94,0,180.7232579,,,,,,,,,180.7071978,180.7232579,181.7233096,181.7066587,182.9234505,down,0,1.1998223,None,0,,,,,1,1,2025-09-09_16h17.02.501,orient_discrimination,,2025.1.1,60.04696871,2025-09-09 16h17.24.217771 +0530
95,0,95,down,0,0.5236697,None,0,95,0,95,0,182.9398801,,,,,,,,,182.9236375,182.9398801,183.9398674,183.9231194,184.4566863,down,0,0.5236697,None,0,,,,,1,1,2025-09-09_16h17.02.501,orient_discrimination,,2025.1.1,60.04696871,2025-09-09 16h17.24.217771 +0530
96,0,96,down,0,0.4682993,None,0,96,0,96,0,184.4730657,,,,,,,,,184.4568407,184.4730657,185.4728692,185.4565604,185.9396041,down,0,0.4682993,None,0,,,,,1,1,2025-09-09_16h17.02.501,orient_discrimination,,2025.1.1,60.04696871,2025-09-09 16h17.24.217771 +0530
97,0,97,down,0,0.4283029,None,0,97,0,97,0,185.9562665,,,,,,,,,185.9397785,185.9562665,186.9563292,186.9396496,187.3731004,down,0,0.4283029,None,0,,,,,1,1,2025-09-09_16h17.02.501,orient_discrimination,,2025.1.1,60.04696871,2025-09-09 16h17.24.217771 +0530
98,0,98,down,1,0.4498023,None,-2,98,0,98,0,187.3895225,,,,,,,,,187.3732715,187.3895225,188.3897799,188.3728827,188.839782,down,1,0.4498023,None,-2,,,,,1,1,2025-09-09_16h17.02.501,orient_discrimination,,2025.1.1,60.04696871,2025-09-09 16h17.24.217771 +0530
99,0,99,down,0,0.4155037,None,0,99,0,99,0,188.8561231,,,,,,,,,188.8399395,188.8561231,189.8561862,189.8394527,190.2564091,down,0,0.4155037,None,0,,,,,1,1,2025-09-09_16h17.02.501,orient_discrimination,,2025.1.1,60.04696871,2025-09-09 16h17.24.217771 +0530
,,,,,,,,,,,,,,,,,,,,,,,,,,,,,,,190.2565323,190.2727697,192.2725813,192.2561206,1,1,2025-09-09_16h17.02.501,orient_discrimination,,2025.1.1,60.04696871,2025-09-09 16h17.24.217771 +0530
