stimulus,type,correct_key,thisN,thisTrialN,thisRepN,resp.keys,resp.corr,resp.rt,resp.duration,trials.thisRepN,trials.thisTrialN,trials.thisN,trials.thisIndex,thisRow.t,notes,Instructions.started,fixation.started,text.started,key_resp.started,fixation.stopped,Instructions.stopped,key_resp.keys,key_resp.rt,key_resp.duration,trial.started,fix.started,stim.started,resp.started,fix.stopped,trial.stopped,trials.resp.keys,trials.resp.corr,trials.resp.rt,trials.resp.duration,Thank_you.started,text_2.started,text_2.stopped,Thank_you.stopped,participant,session,date,expName,expVersion,psychopyVersion,frameRate,expStart,
,,,,,,,,,,,,,,,,0.003971999998611864,0.0069471999995585065,0.5052083999999013,0.5052083999999013,0.5218268999997235,3.114735799999835,space,2.566791400000511,None,,,,,,,,,,,,,,,2,001,2025-11-20_00h03.14.111,lexical_decision,,2025.1.1,59.98847021574402,2025-11-20 00h03.18.717271 +0530,
clope,nonword,m,0,0,0,z,0,2.8567965000002005,None,0,0,0,19,3.131378499998391,,,,,,,,,,,3.1255390999995143,3.131378499998391,3.622025799999392,3.622025799999392,3.638824099998601,6.4884062000000995,z,0,2.8567965000002005,None,,,,,2,001,2025-11-20_00h03.14.111,lexical_decision,,2025.1.1,59.98847021574402,2025-11-20 00h03.18.717271 +0530,
plome,nonword,m,1,1,0,z,0,0.9388509999989765,None,0,1,1,12,6.504885899999863,,,,,,,,,,,6.490137799999502,6.504885899999863,6.988561000000118,6.988561000000118,7.00555759999952,7.939221499998894,z,0,0.9388509999989765,None,,,,,2,001,2025-11-20_00h03.14.111,lexical_decision,,2025.1.1,59.98847021574402,2025-11-20 00h03.18.717271 +0530,
market,word,z,2,2,0,z,1,0.7623324999985925,None,0,2,2,5,7.955356099999335,,,,,,,,,,,7.942416299998513,7.955356099999335,8.45478059999914,8.45478059999914,8.45478059999914,9.222777899998619,z,1,0.7623324999985925,None,,,,,2,001,2025-11-20_00h03.14.111,lexical_decision,,2025.1.1,59.98847021574402,2025-11-20 00h03.18.717271 +0530,
flirp,nonword,m,3,3,0,m,1,1.0558239000001777,None,0,3,3,10,9.238150699999096,,,,,,,,,,,9.226348399999551,9.238150699999096,9.738380099999631,9.738380099999631,9.738380099999631,10.806373599998551,m,1,1.0558239000001777,None,,,,,2,001,2025-11-20_00h03.14.111,lexical_decision,,2025.1.1,59.98847021574402,2025-11-20 00h03.18.717271 +0530,
brantle,nonword,m,4,4,0,m,1,0.8613874999991822,None,0,4,4,16,10.821865099998831,,,,,,,,,,,10.810027399998944,10.821865099998831,11.32201410000016,11.32201410000016,11.32201410000016,12.189333299998907,m,1,0.8613874999991822,None,,,,,2,001,2025-11-20_00h03.14.111,lexical_decision,,2025.1.1,59.98847021574402,2025-11-20 00h03.18.717271 +0530,
glenter,nonword,m,5,5,0,m,1,0.8911611999992601,None,0,5,5,14,12.204689700000017,,,,,,,,,,,12.19359809999878,12.204689700000017,12.70475869999973,12.70475869999973,12.70475869999973,13.606260099999417,m,1,0.8911611999992601,None,,,,,2,001,2025-11-20_00h03.14.111,lexical_decision,,2025.1.1,59.98847021574402,2025-11-20 00h03.18.717271 +0530,
drent,nonword,m,6,6,0,m,1,0.6442133000000467,None,0,6,6,11,13.621110499998395,,,,,,,,,,,13.61381529999926,13.621110499998395,14.121796999999788,14.121796999999788,14.121796999999788,14.772056599998905,m,1,0.6442133000000467,None,,,,,2,001,2025-11-20_00h03.14.111,lexical_decision,,2025.1.1,59.98847021574402,2025-11-20 00h03.18.717271 +0530,
fradge,nonword,m,7,7,0,m,1,5.943050300000323,None,0,7,7,15,14.788325800000166,,,,,,,,,,,14.776789699999426,14.788325800000166,15.271702999998524,15.271702999998524,15.287798499999553,21.222067299999253,m,1,5.943050300000323,None,,,,,2,001,2025-11-20_00h03.14.111,lexical_decision,,2025.1.1,59.98847021574402,2025-11-20 00h03.18.717271 +0530,
window,word,z,8,8,0,z,1,0.5887704999986454,None,0,8,8,2,21.237693499999295,,,,,,,,,,,21.22926860000007,21.237693499999295,21.737499999999272,21.737499999999272,21.737499999999272,22.338404199999786,z,1,0.5887704999986454,None,,,,,2,001,2025-11-20_00h03.14.111,lexical_decision,,2025.1.1,59.98847021574402,2025-11-20 00h03.18.717271 +0530,
apple,word,z,9,9,0,z,1,3.470127599999614,None,0,9,9,0,22.354156299999886,,,,,,,,,,,22.342987500000163,22.354156299999886,22.83780309999929,22.83780309999929,22.85471890000008,26.32151899999917,z,1,3.470127599999614,None,,,,,2,001,2025-11-20_00h03.14.111,lexical_decision,,2025.1.1,59.98847021574402,2025-11-20 00h03.18.717271 +0530,
bottle,word,z,10,10,0,z,1,0.8360501000006479,None,0,10,10,6,26.337168099998962,,,,,,,,,,,26.326547099999516,26.337168099998962,26.820755099999587,26.820755099999587,26.837688599998728,27.67245649999859,z,1,0.8360501000006479,None,,,,,2,001,2025-11-20_00h03.14.111,lexical_decision,,2025.1.1,59.98847021574402,2025-11-20 00h03.18.717271 +0530,
trallip,nonword,m,11,11,0,m,1,1.852247400000124,None,0,11,11,18,27.687655099998665,,,,,,,,,,,27.67771360000006,27.687655099998665,28.187521099998776,28.187521099998776,28.187521099998776,30.054927499999394,m,1,1.852247400000124,None,,,,,2,001,2025-11-20_00h03.14.111,lexical_decision,,2025.1.1,59.98847021574402,2025-11-20 00h03.18.717271 +0530,
snarp,nonword,m,12,12,0,z,0,0.660632799999803,None,0,12,12,13,30.07099979999839,,,,,,,,,,,30.05977669999993,30.07099979999839,30.57082939999964,30.57082939999964,30.57082939999964,31.23815899999863,z,0,0.660632799999803,None,,,,,2,001,2025-11-20_00h03.14.111,lexical_decision,,2025.1.1,59.98847021574402,2025-11-20 00h03.18.717271 +0530,
silver,word,z,13,13,0,z,1,0.5936165000002802,None,0,13,13,9,31.253695999999763,,,,,,,,,,,31.242609599999923,31.253695999999763,31.753616999998485,31.753616999998485,31.753616999998485,32.35388090000015,z,1,0.5936165000002802,None,,,,,2,001,2025-11-20_00h03.14.111,lexical_decision,,2025.1.1,59.98847021574402,2025-11-20 00h03.18.717271 +0530,
yellow,word,z,14,14,0,z,1,0.5508411999999225,None,0,14,14,4,32.36971619999895,,,,,,,,,,,32.35839829999895,32.36971619999895,32.85399399999915,32.85399399999915,32.87088909999875,33.42071509999914,z,1,0.5508411999999225,None,,,,,2,001,2025-11-20_00h03.14.111,lexical_decision,,2025.1.1,59.98847021574402,2025-11-20 00h03.18.717271 +0530,
garden,word,z,15,15,0,z,1,0.42373790000056033,None,0,15,15,7,33.436747699999614,,,,,,,,,,,33.42457169999943,33.436747699999614,33.920685899998716,33.920685899998716,33.9370831999986,34.35396519999995,z,1,0.42373790000056033,None,,,,,2,001,2025-11-20_00h03.14.111,lexical_decision,,2025.1.1,59.98847021574402,2025-11-20 00h03.18.717271 +0530,
doctor,word,z,16,16,0,z,1,0.42062609999993583,None,0,16,16,3,34.370102799999586,,,,,,,,,,,34.3557368999991,34.370102799999586,34.8534796999993,34.8534796999993,34.870259299999816,35.28807769999912,z,1,0.42062609999993583,None,,,,,2,001,2025-11-20_00h03.14.111,lexical_decision,,2025.1.1,59.98847021574402,2025-11-20 00h03.18.717271 +0530,
smode,nonword,m,17,17,0,z,0,0.3665457000006427,None,0,17,17,17,35.304232699998465,,,,,,,,,,,35.292787399999725,35.304232699998465,35.787311499998395,35.787311499998395,35.80426839999927,36.15517240000008,z,0,0.3665457000006427,None,,,,,2,001,2025-11-20_00h03.14.111,lexical_decision,,2025.1.1,59.98847021574402,2025-11-20 00h03.18.717271 +0530,
river,word,z,18,18,0,z,1,1.1203806000012264,None,0,18,18,1,36.21039099999871,,,,,,,,,,,36.207225399999516,36.21039099999871,36.67072769999868,36.67072769999868,36.72096899999997,37.80448350000006,z,1,1.1203806000012264,None,,,,,2,001,2025-11-20_00h03.14.111,lexical_decision,,2025.1.1,59.98847021574402,2025-11-20 00h03.18.717271 +0530,
pillow,word,z,19,19,0,z,1,1.0424195999985386,None,0,19,19,8,37.820100799999636,,,,,,,,,,,37.807702099999005,37.820100799999636,38.32012289999875,38.32012289999875,38.32012289999875,39.37043129999984,z,1,1.0424195999985386,None,,,,,2,001,2025-11-20_00h03.14.111,lexical_decision,,2025.1.1,59.98847021574402,2025-11-20 00h03.18.717271 +0530,
clope,nonword,m,20,0,1,z,0,2.5904126999994332,None,1,0,20,19,39.386347799998475,,,,,,,,,,,39.37391829999979,39.386347799998475,39.870267799999056,39.870267799999056,39.88697820000016,42.470121199999994,z,0,2.5904126999994332,None,,,,,2,001,2025-11-20_00h03.14.111,lexical_decision,,2025.1.1,59.98847021574402,2025-11-20 00h03.18.717271 +0530,
fradge,nonword,m,21,1,1,m,1,2.154357600000367,None,1,1,21,15,42.48631839999871,,,,,,,,,,,42.473866199999975,42.48631839999871,42.970531399998436,42.970531399998436,42.98718299999928,45.13738529999864,m,1,2.154357600000367,None,,,,,2,001,2025-11-20_00h03.14.111,lexical_decision,,2025.1.1,59.98847021574402,2025-11-20 00h03.18.717271 +0530,
pillow,word,z,22,2,1,z,1,0.7450735999991593,None,1,2,22,8,45.15298189999885,,,,,,,,,,,45.142191199998706,45.15298189999885,45.63660389999859,45.63660389999859,45.6530176999986,46.386557099998754,z,1,0.7450735999991593,None,,,,,2,001,2025-11-20_00h03.14.111,lexical_decision,,2025.1.1,59.98847021574402,2025-11-20 00h03.18.717271 +0530,
drent,nonword,m,23,3,1,m,1,1.261281199998848,None,1,3,23,11,46.40256229999977,,,,,,,,,,,46.38850619999903,46.40256229999977,46.886671999998725,46.886671999998725,46.903011599999445,48.15412639999886,m,1,1.261281199998848,None,,,,,2,001,2025-11-20_00h03.14.111,lexical_decision,,2025.1.1,59.98847021574402,2025-11-20 00h03.18.717271 +0530,
snarp,nonword,m,24,4,1,z,0,0.7025013000002218,None,1,4,24,13,48.170130999998946,,,,,,,,,,,48.15846950000014,48.170130999998946,48.66997579999952,48.66997579999952,48.66997579999952,49.386580700000195,z,0,0.7025013000002218,None,,,,,2,001,2025-11-20_00h03.14.111,lexical_decision,,2025.1.1,59.98847021574402,2025-11-20 00h03.18.717271 +0530,
trallip,nonword,m,25,5,1,m,1,6.376299600000493,None,1,5,25,18,49.40243079999891,,,,,,,,,,,49.390005799999926,49.40243079999891,49.88657069999863,49.88657069999863,49.902841299999636,56.270875199999864,m,1,6.376299600000493,None,,,,,2,001,2025-11-20_00h03.14.111,lexical_decision,,2025.1.1,59.98847021574402,2025-11-20 00h03.18.717271 +0530,
yellow,word,z,26,6,1,z,1,3.704699600000822,None,1,6,26,4,56.28587460000017,,,,,,,,,,,56.276585599998725,56.28587460000017,56.78581309999936,56.78581309999936,56.78581309999936,60.50259279999955,z,1,3.704699600000822,None,,,,,2,001,2025-11-20_00h03.14.111,lexical_decision,,2025.1.1,59.98847021574402,2025-11-20 00h03.18.717271 +0530,
smode,nonword,m,27,7,1,z,0,3.595159299999068,None,1,7,27,17,60.51892439999938,,,,,,,,,,,60.50615490000018,60.51892439999938,61.00267779999922,61.00267779999922,61.019296999998915,64.60316449999846,z,0,3.595159299999068,None,,,,,2,001,2025-11-20_00h03.14.111,lexical_decision,,2025.1.1,59.98847021574402,2025-11-20 00h03.18.717271 +0530,
silver,word,z,28,8,1,z,1,1.948671899999681,None,1,8,28,9,64.61919069999931,,,,,,,,,,,64.60735359999853,64.61919069999931,65.1190663999987,65.1190663999987,65.1190663999987,67.06960629999958,z,1,1.948671899999681,None,,,,,2,001,2025-11-20_00h03.14.111,lexical_decision,,2025.1.1,59.98847021574402,2025-11-20 00h03.18.717271 +0530,
plome,nonword,m,29,9,1,z,0,2.9052697000006447,None,1,9,29,12,67.08519239999987,,,,,,,,,,,67.07426579999992,67.08519239999987,67.56896309999865,67.56896309999865,67.58614039999884,70.48570499999914,z,0,2.9052697000006447,None,,,,,2,001,2025-11-20_00h03.14.111,lexical_decision,,2025.1.1,59.98847021574402,2025-11-20 00h03.18.717271 +0530,
river,word,z,30,10,1,z,1,0.7954715999985638,None,1,10,30,1,70.50151579999874,,,,,,,,,,,70.48957549999977,70.50151579999874,70.98548919999848,70.98548919999848,71.00206859999889,71.78618469999856,z,1,0.7954715999985638,None,,,,,2,001,2025-11-20_00h03.14.111,lexical_decision,,2025.1.1,59.98847021574402,2025-11-20 00h03.18.717271 +0530,
flirp,nonword,m,31,11,1,m,1,1.0651963999989675,None,1,11,31,10,71.80180499999915,,,,,,,,,,,71.79113659999894,71.80180499999915,72.28546769999957,72.28546769999957,72.30193299999883,73.35213309999926,m,1,1.0651963999989675,None,,,,,2,001,2025-11-20_00h03.14.111,lexical_decision,,2025.1.1,59.98847021574402,2025-11-20 00h03.18.717271 +0530,
brantle,nonword,m,32,12,1,m,1,0.6966664999999921,None,1,12,32,16,73.3681992999991,,,,,,,,,,,73.3576465999995,73.3681992999991,73.85216599999876,73.85216599999876,73.86816399999952,74.55274539999846,m,1,0.6966664999999921,None,,,,,2,001,2025-11-20_00h03.14.111,lexical_decision,,2025.1.1,59.98847021574402,2025-11-20 00h03.18.717271 +0530,
garden,word,z,33,13,1,z,1,0.7376024999994115,None,1,13,33,7,74.56854620000013,,,,,,,,,,,74.55753569999979,74.56854620000013,75.06854949999979,75.06854949999979,75.06854949999979,75.81965179999861,z,1,0.7376024999994115,None,,,,,2,001,2025-11-20_00h03.14.111,lexical_decision,,2025.1.1,59.98847021574402,2025-11-20 00h03.18.717271 +0530,
window,word,z,34,14,1,z,1,1.0356742000003578,None,1,14,34,2,75.83496109999942,,,,,,,,,,,75.8242569999984,75.83496109999942,76.33484489999864,76.33484489999864,76.33484489999864,77.38498009999967,z,1,1.0356742000003578,None,,,,,2,001,2025-11-20_00h03.14.111,lexical_decision,,2025.1.1,59.98847021574402,2025-11-20 00h03.18.717271 +0530,
bottle,word,z,35,15,1,z,1,4.9501808999993955,None,1,15,35,6,77.40117149999969,,,,,,,,,,,77.38923439999962,77.40117149999969,77.88464029999886,77.88464029999886,77.90131800000017,82.85239550000006,z,1,4.9501808999993955,None,,,,,2,001,2025-11-20_00h03.14.111,lexical_decision,,2025.1.1,59.98847021574402,2025-11-20 00h03.18.717271 +0530,
doctor,word,z,36,16,1,z,1,1.2729082000005292,None,1,16,36,3,82.8677201999999,,,,,,,,,,,82.85483349999959,82.8677201999999,83.35154479999983,83.35154479999983,83.36831799999891,84.63557529999889,z,1,1.2729082000005292,None,,,,,2,001,2025-11-20_00h03.14.111,lexical_decision,,2025.1.1,59.98847021574402,2025-11-20 00h03.18.717271 +0530,
apple,word,z,37,17,1,z,1,0.5885698000001867,None,1,17,37,0,84.6508507999988,,,,,,,,,,,84.63890959999844,84.6508507999988,85.13463439999941,85.13463439999941,85.15099609999925,85.73476549999941,z,1,0.5885698000001867,None,,,,,2,001,2025-11-20_00h03.14.111,lexical_decision,,2025.1.1,59.98847021574402,2025-11-20 00h03.18.717271 +0530,
market,word,z,38,18,1,z,1,7.46075109999947,None,1,18,38,5,85.7510459999994,,,,,,,,,,,85.73689359999844,85.7510459999994,86.23414789999879,86.23414789999879,86.25092779999977,93.7010653999987,z,1,7.46075109999947,None,,,,,2,001,2025-11-20_00h03.14.111,lexical_decision,,2025.1.1,59.98847021574402,2025-11-20 00h03.18.717271 +0530,
glenter,nonword,m,39,19,1,m,1,3.902672700000039,None,1,19,39,14,93.71703439999874,,,,,,,,,,,93.7049578999995,93.71703439999874,94.20031949999975,94.20031949999975,94.21707219999917,98.11774289999994,m,1,3.902672700000039,None,,,,,2,001,2025-11-20_00h03.14.111,lexical_decision,,2025.1.1,59.98847021574402,2025-11-20 00h03.18.717271 +0530,
bottle,word,z,40,0,2,z,1,0.5282368999996834,None,2,0,40,6,98.13360459999967,,,,,,,,,,,98.12129159999859,98.13360459999967,98.6177244999999,98.6177244999999,98.63377059999948,99.15071659999921,z,1,0.5282368999996834,None,,,,,2,001,2025-11-20_00h03.14.111,lexical_decision,,2025.1.1,59.98847021574402,2025-11-20 00h03.18.717271 +0530,
doctor,word,z,41,1,2,z,1,0.4915813999996317,None,2,1,41,3,99.16676369999914,,,,,,,,,,,99.15443349999987,99.16676369999914,99.65035720000014,99.65035720000014,99.66668179999942,100.15007499999956,z,1,0.4915813999996317,None,,,,,2,001,2025-11-20_00h03.14.111,lexical_decision,,2025.1.1,59.98847021574402,2025-11-20 00h03.18.717271 +0530,
yellow,word,z,42,2,2,z,1,0.39312949999839475,None,2,2,42,4,100.16687180000008,,,,,,,,,,,100.15262169999914,100.16687180000008,100.65003149999939,100.65003149999939,100.6668522,101.05153280000013,z,1,0.39312949999839475,None,,,,,2,001,2025-11-20_00h03.14.111,lexical_decision,,2025.1.1,59.98847021574402,2025-11-20 00h03.18.717271 +0530,
brantle,nonword,m,43,3,2,m,1,0.6164813999985199,None,2,3,43,16,101.06720259999929,,,,,,,,,,,101.0547708999984,101.06720259999929,101.56705099999999,101.56705099999999,101.56705099999999,102.20173350000005,m,1,0.6164813999985199,None,,,,,2,001,2025-11-20_00h03.14.111,lexical_decision,,2025.1.1,59.98847021574402,2025-11-20 00h03.18.717271 +0530,
silver,word,z,44,4,2,z,1,0.611432199999399,None,2,4,44,9,102.21698169999945,,,,,,,,,,,102.20656419999978,102.21698169999945,102.71658419999949,102.71658419999949,102.71658419999949,103.33428359999925,z,1,0.611432199999399,None,,,,,2,001,2025-11-20_00h03.14.111,lexical_decision,,2025.1.1,59.98847021574402,2025-11-20 00h03.18.717271 +0530,
drent,nonword,m,45,5,2,m,1,0.959979100000055,None,2,5,45,11,103.35014369999953,,,,,,,,,,,103.33752859999913,103.35014369999953,103.85028009999951,103.85028009999951,103.85028009999951,104.81709339999907,m,1,0.959979100000055,None,,,,,2,001,2025-11-20_00h03.14.111,lexical_decision,,2025.1.1,59.98847021574402,2025-11-20 00h03.18.717271 +0530,
trallip,nonword,m,46,6,2,m,1,1.535349199999473,None,2,6,46,18,104.83341959999962,,,,,,,,,,,104.82057329999952,104.83341959999962,105.31674070000008,105.31674070000008,105.3334307999994,106.86751599999843,m,1,1.535349199999473,None,,,,,2,001,2025-11-20_00h03.14.111,lexical_decision,,2025.1.1,59.98847021574402,2025-11-20 00h03.18.717271 +0530,
garden,word,z,47,7,2,z,1,0.5885089999992488,None,2,7,47,7,106.88348799999949,,,,,,,,,,,106.87241339999855,106.88348799999949,107.36700139999994,107.36700139999994,107.3835513999984,107.96816979999858,z,1,0.5885089999992488,None,,,,,2,001,2025-11-20_00h03.14.111,lexical_decision,,2025.1.1,59.98847021574402,2025-11-20 00h03.18.717271 +0530,
plome,nonword,m,48,8,2,z,0,0.9603408999992098,None,2,8,48,12,107.98362180000004,,,,,,,,,,,107.97256559999914,107.98362180000004,108.48332029999983,108.48332029999983,108.48332029999983,109.4506210999989,z,0,0.9603408999992098,None,,,,,2,001,2025-11-20_00h03.14.111,lexical_decision,,2025.1.1,59.98847021574402,2025-11-20 00h03.18.717271 +0530,
smode,nonword,m,49,9,2,z,0,3.2365257000001293,None,2,9,49,17,109.46667789999992,,,,,,,,,,,109.45458409999992,109.46667789999992,109.94986999999855,109.94986999999855,109.96687169999859,113.20076329999938,z,0,3.2365257000001293,None,,,,,2,001,2025-11-20_00h03.14.111,lexical_decision,,2025.1.1,59.98847021574402,2025-11-20 00h03.18.717271 +0530,
fradge,nonword,m,50,10,2,m,1,0.9740106999997806,None,2,10,50,15,113.21631029999844,,,,,,,,,,,113.20553549999931,113.21631029999844,113.71592489999966,113.71592489999966,113.71592489999966,114.69997119999971,m,1,0.9740106999997806,None,,,,,2,001,2025-11-20_00h03.14.111,lexical_decision,,2025.1.1,59.98847021574402,2025-11-20 00h03.18.717271 +0530,
flirp,nonword,m,51,11,2,m,1,1.8668806999994558,None,2,11,51,10,114.71590359999936,,,,,,,,,,,114.70161550000012,114.71590359999936,115.19971389999955,115.19971389999955,115.21675079999841,117.08440579999842,m,1,1.8668806999994558,None,,,,,2,001,2025-11-20_00h03.14.111,lexical_decision,,2025.1.1,59.98847021574402,2025-11-20 00h03.18.717271 +0530,
glenter,nonword,m,52,12,2,m,1,0.6138173999988794,None,2,12,52,14,117.09984749999967,,,,,,,,,,,117.08888649999972,117.09984749999967,117.5996439999999,117.5996439999999,117.5996439999999,118.21685059999982,m,1,0.6138173999988794,None,,,,,2,001,2025-11-20_00h03.14.111,lexical_decision,,2025.1.1,59.98847021574402,2025-11-20 00h03.18.717271 +0530,
apple,word,z,53,13,2,z,1,0.5960419999992155,None,2,13,53,0,118.2331121999996,,,,,,,,,,,118.22205810000014,118.2331121999996,118.73247619999893,118.73247619999893,118.73247619999893,119.3334707999984,z,1,0.5960419999992155,None,,,,,2,001,2025-11-20_00h03.14.111,lexical_decision,,2025.1.1,59.98847021574402,2025-11-20 00h03.18.717271 +0530,
clope,nonword,m,54,14,2,z,0,1.76761389999956,None,2,14,54,19,119.34933610000007,,,,,,,,,,,119.3375073999996,119.34933610000007,119.84964099999888,119.84964099999888,119.84964099999888,121.63261619999867,z,0,1.76761389999956,None,,,,,2,001,2025-11-20_00h03.14.111,lexical_decision,,2025.1.1,59.98847021574402,2025-11-20 00h03.18.717271 +0530,
river,word,z,55,15,2,z,1,0.6397419999993872,None,2,15,55,1,121.64901819999977,,,,,,,,,,,121.63643709999997,121.64901819999977,122.13303689999884,122.13303689999884,122.14960439999959,122.78301409999949,z,1,0.6397419999993872,None,,,,,2,001,2025-11-20_00h03.14.111,lexical_decision,,2025.1.1,59.98847021574402,2025-11-20 00h03.18.717271 +0530,
market,word,z,56,16,2,z,1,1.74234129999968,None,2,16,56,5,122.7988564999996,,,,,,,,,,,122.78701929999988,122.7988564999996,123.28295399999843,123.28295399999843,123.29908419999992,125.03333589999966,z,1,1.74234129999968,None,,,,,2,001,2025-11-20_00h03.14.111,lexical_decision,,2025.1.1,59.98847021574402,2025-11-20 00h03.18.717271 +0530,
snarp,nonword,m,57,17,2,z,0,2.061514699998952,None,2,17,57,13,125.04942779999874,,,,,,,,,,,125.037465899999,125.04942779999874,125.5325619999985,125.5325619999985,125.54920049999964,127.59975559999839,z,0,2.061514699998952,None,,,,,2,001,2025-11-20_00h03.14.111,lexical_decision,,2025.1.1,59.98847021574402,2025-11-20 00h03.18.717271 +0530,
pillow,word,z,58,18,2,z,1,3.394566400000258,None,2,18,58,8,127.61569619999864,,,,,,,,,,,127.6040039999989,127.61569619999864,128.09939229999873,128.09939229999873,128.1160975999992,131.49937669999963,z,1,3.394566400000258,None,,,,,2,001,2025-11-20_00h03.14.111,lexical_decision,,2025.1.1,59.98847021574402,2025-11-20 00h03.18.717271 +0530,
window,word,z,59,19,2,z,1,0.7296390999999858,None,2,19,59,2,131.5153870999984,,,,,,,,,,,131.50383699999838,131.5153870999984,131.9991087999988,131.9991087999988,132.01595199999974,132.73224200000004,z,1,0.7296390999999858,None,,,,,2,001,2025-11-20_00h03.14.111,lexical_decision,,2025.1.1,59.98847021574402,2025-11-20 00h03.18.717271 +0530,
clope,nonword,m,60,0,3,z,0,0.4329885999995895,None,3,0,60,19,132.74839379999867,,,,,,,,,,,132.73554139999942,132.74839379999867,133.23214729999927,133.23214729999927,133.24865059999865,133.68251109999983,z,0,0.4329885999995895,None,,,,,2,001,2025-11-20_00h03.14.111,lexical_decision,,2025.1.1,59.98847021574402,2025-11-20 00h03.18.717271 +0530,
smode,nonword,m,61,1,3,z,0,1.3373953999998776,None,3,1,61,17,133.6982408999993,,,,,,,,,,,133.68599299999914,133.6982408999993,134.18248139999923,134.18248139999923,134.19885639999848,135.53335159999915,z,0,1.3373953999998776,None,,,,,2,001,2025-11-20_00h03.14.111,lexical_decision,,2025.1.1,59.98847021574402,2025-11-20 00h03.18.717271 +0530,
plome,nonword,m,62,2,3,z,0,1.3434555000003456,None,3,2,62,12,135.54820469999868,,,,,,,,,,,135.53747549999935,135.54820469999868,136.0481861999997,136.0481861999997,136.0481861999997,137.3989593999995,z,0,1.3434555000003456,None,,,,,2,001,2025-11-20_00h03.14.111,lexical_decision,,2025.1.1,59.98847021574402,2025-11-20 00h03.18.717271 +0530,
flirp,nonword,m,63,3,3,m,1,8.847528800000873,None,3,3,63,10,137.41507319999982,,,,,,,,,,,137.40282849999858,137.41507319999982,137.8984375,137.8984375,137.91565619999892,146.74803809999867,m,1,8.847528800000873,None,,,,,2,001,2025-11-20_00h03.14.111,lexical_decision,,2025.1.1,59.98847021574402,2025-11-20 00h03.18.717271 +0530,
pillow,word,z,64,4,3,z,1,0.6751055000004271,None,3,4,64,8,146.76444129999982,,,,,,,,,,,146.75120479999896,146.76444129999982,147.24829709999904,147.24829709999904,147.26508449999892,147.93247809999957,z,1,0.6751055000004271,None,,,,,2,001,2025-11-20_00h03.14.111,lexical_decision,,2025.1.1,59.98847021574402,2025-11-20 00h03.18.717271 +0530,
garden,word,z,65,5,3,z,1,1.2965815000006842,None,3,5,65,7,147.94804119999935,,,,,,,,,,,147.93777359999876,147.94804119999935,148.4483986999985,148.4483986999985,148.4483986999985,149.74802119999913,z,1,1.2965815000006842,None,,,,,2,001,2025-11-20_00h03.14.111,lexical_decision,,2025.1.1,59.98847021574402,2025-11-20 00h03.18.717271 +0530,
snarp,nonword,m,66,6,3,z,0,1.2553850000003877,None,3,6,66,13,149.7642483999989,,,,,,,,,,,149.7512057999993,149.7642483999989,150.2474674999994,150.2474674999994,150.26443370000015,151.5150305999996,z,0,1.2553850000003877,None,,,,,2,001,2025-11-20_00h03.14.111,lexical_decision,,2025.1.1,59.98847021574402,2025-11-20 00h03.18.717271 +0530,
trallip,nonword,m,67,7,3,m,1,1.6700478000002477,None,3,7,67,18,151.53120399999898,,,,,,,,,,,151.5188608999997,151.53120399999898,152.01481599999897,152.01481599999897,152.0315961999986,153.69803189999948,m,1,1.6700478000002477,None,,,,,2,001,2025-11-20_00h03.14.111,lexical_decision,,2025.1.1,59.98847021574402,2025-11-20 00h03.18.717271 +0530,
river,word,z,68,8,3,z,1,2.9832719000005454,None,3,8,68,1,153.71413459999894,,,,,,,,,,,153.7019814999985,153.71413459999894,154.1976221999994,154.1976221999994,154.21437929999956,157.1977107999992,z,1,2.9832719000005454,None,,,,,2,001,2025-11-20_00h03.14.111,lexical_decision,,2025.1.1,59.98847021574402,2025-11-20 00h03.18.717271 +0530,
silver,word,z,69,9,3,z,1,0.5512669999989157,None,3,9,69,9,157.2139694999987,,,,,,,,,,,157.20144739999887,157.2139694999987,157.69720199999938,157.69720199999938,157.7138219999997,158.26472719999947,z,1,0.5512669999989157,None,,,,,2,001,2025-11-20_00h03.14.111,lexical_decision,,2025.1.1,59.98847021574402,2025-11-20 00h03.18.717271 +0530,
window,word,z,70,10,3,z,1,0.8477499000000535,None,3,10,70,2,158.28072649999922,,,,,,,,,,,158.26907989999927,158.28072649999922,158.76381049999873,158.76381049999873,158.78076770000007,159.61517689999891,z,1,0.8477499000000535,None,,,,,2,001,2025-11-20_00h03.14.111,lexical_decision,,2025.1.1,59.98847021574402,2025-11-20 00h03.18.717271 +0530,
apple,word,z,71,11,3,z,1,0.4488376999997854,None,3,11,71,0,159.63106460000017,,,,,,,,,,,159.61883959999977,159.63106460000017,160.11441969999942,160.11441969999942,160.13078759999917,160.5821178999995,z,1,0.4488376999997854,None,,,,,2,001,2025-11-20_00h03.14.111,lexical_decision,,2025.1.1,59.98847021574402,2025-11-20 00h03.18.717271 +0530,
bottle,word,z,72,12,3,z,1,0.5391939000001003,None,3,12,72,6,160.59744659999888,,,,,,,,,,,160.58713889999854,160.59744659999888,161.0982860999993,161.0982860999993,161.0982860999993,161.64761419999923,z,1,0.5391939000001003,None,,,,,2,001,2025-11-20_00h03.14.111,lexical_decision,,2025.1.1,59.98847021574402,2025-11-20 00h03.18.717271 +0530,
fradge,nonword,m,73,13,3,m,1,0.7674600999998802,None,3,13,73,15,161.66363529999944,,,,,,,,,,,161.65144279999913,161.66363529999944,162.14694899999995,162.14694899999995,162.1637312999992,162.93164259999867,m,1,0.7674600999998802,None,,,,,2,001,2025-11-20_00h03.14.111,lexical_decision,,2025.1.1,59.98847021574402,2025-11-20 00h03.18.717271 +0530,
glenter,nonword,m,74,14,3,m,1,1.0584253999986686,None,3,14,74,14,162.9471569999987,,,,,,,,,,,162.93640649999907,162.9471569999987,163.43064609999965,163.43064609999965,163.44731669999965,164.49840760000006,m,1,1.0584253999986686,None,,,,,2,001,2025-11-20_00h03.14.111,lexical_decision,,2025.1.1,59.98847021574402,2025-11-20 00h03.18.717271 +0530,
drent,nonword,m,75,15,3,m,1,0.8782916999989538,None,3,15,75,11,164.51369299999897,,,,,,,,,,,164.5018111999998,164.51369299999897,165.01381839999885,165.01381839999885,165.01381839999885,165.89807049999945,m,1,0.8782916999989538,None,,,,,2,001,2025-11-20_00h03.14.111,lexical_decision,,2025.1.1,59.98847021574402,2025-11-20 00h03.18.717271 +0530,
brantle,nonword,m,76,16,3,m,1,1.2328629000003275,None,3,16,76,16,165.91367229999923,,,,,,,,,,,165.9014258999996,165.91367229999923,166.39698239999962,166.39698239999962,166.4136595,167.6472139999987,m,1,1.2328629000003275,None,,,,,2,001,2025-11-20_00h03.14.111,lexical_decision,,2025.1.1,59.98847021574402,2025-11-20 00h03.18.717271 +0530,
doctor,word,z,77,17,3,z,1,0.6864156999999977,None,3,17,77,3,167.6634925999988,,,,,,,,,,,167.65142579999883,167.6634925999988,168.14728699999978,168.14728699999978,168.16372409999894,168.8469262999988,z,1,0.6864156999999977,None,,,,,2,001,2025-11-20_00h03.14.111,lexical_decision,,2025.1.1,59.98847021574402,2025-11-20 00h03.18.717271 +0530,
yellow,word,z,78,18,3,z,1,0.4479866999990918,None,3,18,78,4,168.86403009999958,,,,,,,,,,,168.85169769999993,168.86403009999958,169.34734089999984,169.34734089999984,169.36369939999895,169.7971209999996,z,1,0.4479866999990918,None,,,,,2,001,2025-11-20_00h03.14.111,lexical_decision,,2025.1.1,59.98847021574402,2025-11-20 00h03.18.717271 +0530,
market,word,z,79,19,3,z,1,0.381873699998323,None,3,19,79,5,169.81320119999873,,,,,,,,,,,169.80020589999913,169.81320119999873,170.29694009999912,170.29694009999912,170.31382320000012,170.68027689999872,z,1,0.381873699998323,None,,,,,2,001,2025-11-20_00h03.14.111,lexical_decision,,2025.1.1,59.98847021574402,2025-11-20 00h03.18.717271 +0530,
market,word,z,80,0,4,z,1,0.35813539999981003,None,4,0,80,5,170.69639779999852,,,,,,,,,,,170.68048959999942,170.69639779999852,171.18080259999988,171.18080259999988,171.19683040000018,171.5477353999995,z,1,0.35813539999981003,None,,,,,2,001,2025-11-20_00h03.14.111,lexical_decision,,2025.1.1,59.98847021574402,2025-11-20 00h03.18.717271 +0530,
garden,word,z,81,1,4,z,1,0.28700990000106685,None,4,1,81,7,171.56337050000002,,,,,,,,,,,171.55201529999977,171.56337050000002,172.04695290000018,172.04695290000018,172.06380329999956,172.3479996999995,z,1,0.28700990000106685,None,,,,,2,001,2025-11-20_00h03.14.111,lexical_decision,,2025.1.1,59.98847021574402,2025-11-20 00h03.18.717271 +0530,
silver,word,z,82,2,4,z,1,0.35961090000091644,None,4,2,82,9,172.36331989999962,,,,,,,,,,,172.35283960000015,172.36331989999962,172.84682809999867,172.84682809999867,172.86365359999945,173.2142641999999,z,1,0.35961090000091644,None,,,,,2,001,2025-11-20_00h03.14.111,lexical_decision,,2025.1.1,59.98847021574402,2025-11-20 00h03.18.717271 +0530,
window,word,z,83,3,4,z,1,0.3537548999993305,None,4,3,83,2,173.22998819999884,,,,,,,,,,,173.2181759999985,173.22998819999884,173.72977779999928,173.72977779999928,173.72977779999928,174.0977632999984,z,1,0.3537548999993305,None,,,,,2,001,2025-11-20_00h03.14.111,lexical_decision,,2025.1.1,59.98847021574402,2025-11-20 00h03.18.717271 +0530,
fradge,nonword,m,84,4,4,z,0,0.3095592999998189,None,4,4,84,15,174.11382199999935,,,,,,,,,,,174.1023796999998,174.11382199999935,174.59707639999942,174.59707639999942,174.613456699999,174.9154026999986,z,0,0.3095592999998189,None,,,,,2,001,2025-11-20_00h03.14.111,lexical_decision,,2025.1.1,59.98847021574402,2025-11-20 00h03.18.717271 +0530,
glenter,nonword,m,85,5,4,z,0,0.47143209999921964,None,4,5,85,14,174.9305156999999,,,,,,,,,,,174.92017249999844,174.9305156999999,175.4303377999986,175.4303377999986,175.4303377999986,175.91481159999967,z,0,0.47143209999921964,None,,,,,2,001,2025-11-20_00h03.14.111,lexical_decision,,2025.1.1,59.98847021574402,2025-11-20 00h03.18.717271 +0530,
trallip,nonword,m,86,6,4,m,1,0.6263766000010946,None,4,6,86,18,175.9302243000002,,,,,,,,,,,175.92021099999874,175.9302243000002,176.43001379999987,176.43001379999987,176.43001379999987,177.0642876999991,m,1,0.6263766000010946,None,,,,,2,001,2025-11-20_00h03.14.111,lexical_decision,,2025.1.1,59.98847021574402,2025-11-20 00h03.18.717271 +0530,
plome,nonword,m,87,7,4,m,1,2.0155161999991833,None,4,7,87,12,177.08015009999872,,,,,,,,,,,177.06879919999847,177.08015009999872,177.5798064999999,177.5798064999999,177.5798064999999,179.6145901,m,1,2.0155161999991833,None,,,,,2,001,2025-11-20_00h03.14.111,lexical_decision,,2025.1.1,59.98847021574402,2025-11-20 00h03.18.717271 +0530,
apple,word,z,88,8,4,z,1,0.5177957999985665,None,4,8,88,0,179.62974489999942,,,,,,,,,,,179.61943470000006,179.62974489999942,180.13035209999907,180.13035209999907,180.13035209999907,180.6634086999984,z,1,0.5177957999985665,None,,,,,2,001,2025-11-20_00h03.14.111,lexical_decision,,2025.1.1,59.98847021574402,2025-11-20 00h03.18.717271 +0530,
brantle,nonword,m,89,9,4,m,1,1.2011575999986235,None,4,9,89,16,180.67942719999883,,,,,,,,,,,180.66857100000016,180.67942719999883,181.16321669999888,181.16321669999888,181.18009969999912,182.38089389999914,m,1,1.2011575999986235,None,,,,,2,001,2025-11-20_00h03.14.111,lexical_decision,,2025.1.1,59.98847021574402,2025-11-20 00h03.18.717271 +0530,
river,word,z,90,10,4,z,1,0.5782560999996349,None,4,10,90,1,182.39634189999924,,,,,,,,,,,182.38533329999882,182.39634189999924,182.8961249999993,182.8961249999993,182.8961249999993,183.48062709999977,z,1,0.5782560999996349,None,,,,,2,001,2025-11-20_00h03.14.111,lexical_decision,,2025.1.1,59.98847021574402,2025-11-20 00h03.18.717271 +0530,
snarp,nonword,m,91,11,4,z,0,0.6939517999999225,None,4,11,91,13,183.49612290000005,,,,,,,,,,,183.48466589999953,183.49612290000005,183.97959289999926,183.97959289999926,183.99617519999993,184.67944819999866,z,0,0.6939517999999225,None,,,,,2,001,2025-11-20_00h03.14.111,lexical_decision,,2025.1.1,59.98847021574402,2025-11-20 00h03.18.717271 +0530,
smode,nonword,m,92,12,4,z,0,0.48518280000098457,None,4,12,92,17,184.6956457999986,,,,,,,,,,,184.68363239999962,184.6956457999986,185.17990250000003,185.17990250000003,185.19622679999884,185.6795457999997,z,0,0.48518280000098457,None,,,,,2,001,2025-11-20_00h03.14.111,lexical_decision,,2025.1.1,59.98847021574402,2025-11-20 00h03.18.717271 +0530,
clope,nonword,m,93,13,4,z,0,0.6325517000004766,None,4,13,93,19,185.69566750000013,,,,,,,,,,,185.68331709999984,185.69566750000013,186.17936419999933,186.17936419999933,186.1961768000001,186.81295479999972,z,0,0.6325517000004766,None,,,,,2,001,2025-11-20_00h03.14.111,lexical_decision,,2025.1.1,59.98847021574402,2025-11-20 00h03.18.717271 +0530,
yellow,word,z,94,14,4,z,1,0.5174021999991965,None,4,14,94,4,186.82899769999858,,,,,,,,,,,186.8153489999986,186.82899769999858,187.3131446999996,187.3131446999996,187.3295406999987,187.84720519999973,z,1,0.5174021999991965,None,,,,,2,001,2025-11-20_00h03.14.111,lexical_decision,,2025.1.1,59.98847021574402,2025-11-20 00h03.18.717271 +0530,
pillow,word,z,95,15,4,z,1,0.5068987000013294,None,4,15,95,8,187.86283599999842,,,,,,,,,,,187.8521442000001,187.86283599999842,188.3630362999993,188.3630362999993,188.3630362999993,188.88017649999892,z,1,0.5068987000013294,None,,,,,2,001,2025-11-20_00h03.14.111,lexical_decision,,2025.1.1,59.98847021574402,2025-11-20 00h03.18.717271 +0530,
doctor,word,z,96,16,4,z,1,0.49737760000061826,None,4,16,96,3,188.89591669999936,,,,,,,,,,,188.88470069999858,188.89591669999936,189.37966210000013,189.37966210000013,189.39604159999908,189.88020679999863,z,1,0.49737760000061826,None,,,,,2,001,2025-11-20_00h03.14.111,lexical_decision,,2025.1.1,59.98847021574402,2025-11-20 00h03.18.717271 +0530,
flirp,nonword,m,97,17,4,z,0,2.1870260999985476,None,4,17,97,10,189.8958094999998,,,,,,,,,,,189.88457779999953,189.8958094999998,190.3798857999991,190.3798857999991,190.39601249999942,192.58005400000002,z,0,2.1870260999985476,None,,,,,2,001,2025-11-20_00h03.14.111,lexical_decision,,2025.1.1,59.98847021574402,2025-11-20 00h03.18.717271 +0530,
drent,nonword,m,98,18,4,m,1,1.1530130000010104,None,4,18,98,11,192.59564209999917,,,,,,,,,,,192.5850320999998,192.59564209999917,193.07940579999922,193.07940579999922,193.09591539999929,194.24697689999994,m,1,1.1530130000010104,None,,,,,2,001,2025-11-20_00h03.14.111,lexical_decision,,2025.1.1,59.98847021574402,2025-11-20 00h03.18.717271 +0530,
bottle,word,z,99,19,4,z,1,0.7908761999988201,None,4,19,99,6,194.26245729999937,,,,,,,,,,,194.25190769999972,194.26245729999937,194.7620737999987,194.7620737999987,194.7620737999987,195.56314409999868,z,1,0.7908761999988201,None,,,,,2,001,2025-11-20_00h03.14.111,lexical_decision,,2025.1.1,59.98847021574402,2025-11-20 00h03.18.717271 +0530,
doctor,word,z,100,0,5,z,1,0.7595619000003353,None,5,0,100,3,195.5791690999995,,,,,,,,,,,195.56731769999897,195.5791690999995,196.06267239999943,196.06267239999943,196.07950619999974,196.82879409999987,z,1,0.7595619000003353,None,,,,,2,001,2025-11-20_00h03.14.111,lexical_decision,,2025.1.1,59.98847021574402,2025-11-20 00h03.18.717271 +0530,
window,word,z,101,1,5,z,1,0.5858561000004556,None,5,1,101,2,196.84511310000016,,,,,,,,,,,196.83237109999936,196.84511310000016,197.32954789999894,197.32954789999894,197.34590930000013,197.92910999999913,z,1,0.5858561000004556,None,,,,,2,001,2025-11-20_00h03.14.111,lexical_decision,,2025.1.1,59.98847021574402,2025-11-20 00h03.18.717271 +0530,
market,word,z,102,2,5,z,1,0.4589887000001909,None,5,2,102,5,197.94553259999884,,,,,,,,,,,197.93152569999984,197.94553259999884,198.42898259999856,198.42898259999856,198.44574920000014,198.89661290000004,z,1,0.4589887000001909,None,,,,,2,001,2025-11-20_00h03.14.111,lexical_decision,,2025.1.1,59.98847021574402,2025-11-20 00h03.18.717271 +0530,
glenter,nonword,m,103,3,5,m,1,1.2848324999995384,None,5,3,103,14,198.91219079999973,,,,,,,,,,,198.9002795999986,198.91219079999973,199.3955436999986,199.3955436999986,199.41276279999875,200.69538189999912,m,1,1.2848324999995384,None,,,,,2,001,2025-11-20_00h03.14.111,lexical_decision,,2025.1.1,59.98847021574402,2025-11-20 00h03.18.717271 +0530,
apple,word,z,104,4,5,z,1,0.9950824000006833,None,5,4,104,0,200.71166689999882,,,,,,,,,,,200.6989414999989,200.71166689999882,201.19567180000013,201.19567180000013,201.21237839999958,202.19622309999977,z,1,0.9950824000006833,None,,,,,2,001,2025-11-20_00h03.14.111,lexical_decision,,2025.1.1,59.98847021574402,2025-11-20 00h03.18.717271 +0530,
river,word,z,105,5,5,z,1,0.5612823000010394,None,5,5,105,1,202.2125008999992,,,,,,,,,,,202.20016589999977,202.2125008999992,202.71158599999944,202.71158599999944,202.71158599999944,203.27966019999985,z,1,0.5612823000010394,None,,,,,2,001,2025-11-20_00h03.14.111,lexical_decision,,2025.1.1,59.98847021574402,2025-11-20 00h03.18.717271 +0530,
yellow,word,z,106,6,5,z,1,0.9208727000004728,None,5,6,106,4,203.29540709999856,,,,,,,,,,,203.2837512999995,203.29540709999856,203.79476199999954,203.79476199999954,203.79476199999954,204.72872459999962,z,1,0.9208727000004728,None,,,,,2,001,2025-11-20_00h03.14.111,lexical_decision,,2025.1.1,59.98847021574402,2025-11-20 00h03.18.717271 +0530,
fradge,nonword,m,107,7,5,m,1,1.2615849000012531,None,5,7,107,15,204.74475009999878,,,,,,,,,,,204.7324850999994,204.74475009999878,205.22914329999912,205.22914329999912,205.2455848999998,206.49500350000017,m,1,1.2615849000012531,None,,,,,2,001,2025-11-20_00h03.14.111,lexical_decision,,2025.1.1,59.98847021574402,2025-11-20 00h03.18.717271 +0530,
smode,nonword,m,108,8,5,z,0,3.7028761000001396,None,5,8,108,17,206.5113509999992,,,,,,,,,,,206.49814759999936,206.5113509999992,206.99512909999976,206.99512909999976,207.01182049999989,210.7119348999986,z,0,3.7028761000001396,None,,,,,2,001,2025-11-20_00h03.14.111,lexical_decision,,2025.1.1,59.98847021574402,2025-11-20 00h03.18.717271 +0530,
drent,nonword,m,109,9,5,m,1,1.071606999999858,None,5,9,109,11,210.72796919999928,,,,,,,,,,,210.71483199999966,210.72796919999928,211.21134569999958,211.21134569999958,211.22777379999934,212.2956334999999,m,1,1.071606999999858,None,,,,,2,001,2025-11-20_00h03.14.111,lexical_decision,,2025.1.1,59.98847021574402,2025-11-20 00h03.18.717271 +0530,
plome,nonword,m,110,10,5,z,0,0.8669061000000511,None,5,10,110,12,212.31126869999935,,,,,,,,,,,212.3001093999992,212.31126869999935,212.79511189999903,212.79511189999903,212.8115154999996,213.67933879999873,z,0,0.8669061000000511,None,,,,,2,001,2025-11-20_00h03.14.111,lexical_decision,,2025.1.1,59.98847021574402,2025-11-20 00h03.18.717271 +0530,
bottle,word,z,111,11,5,z,1,0.5519059999987803,None,5,11,111,6,213.6947427999985,,,,,,,,,,,213.68344099999922,213.6947427999985,214.19495049999932,214.19495049999932,214.19495049999932,214.76249229999848,z,1,0.5519059999987803,None,,,,,2,001,2025-11-20_00h03.14.111,lexical_decision,,2025.1.1,59.98847021574402,2025-11-20 00h03.18.717271 +0530,
snarp,nonword,m,112,12,5,z,0,1.125729900000806,None,5,12,112,13,214.77746639999896,,,,,,,,,,,214.76672959999996,214.77746639999896,215.27860709999914,215.27860709999914,215.27860709999914,216.41175769999973,z,0,1.125729900000806,None,,,,,2,001,2025-11-20_00h03.14.111,lexical_decision,,2025.1.1,59.98847021574402,2025-11-20 00h03.18.717271 +0530,
flirp,nonword,m,113,13,5,m,1,2.038351400000465,None,5,13,113,10,216.4276149999987,,,,,,,,,,,216.4155379999993,216.4276149999987,216.91130969999904,216.91130969999904,216.92792000000009,218.96151539999846,m,1,2.038351400000465,None,,,,,2,001,2025-11-20_00h03.14.111,lexical_decision,,2025.1.1,59.98847021574402,2025-11-20 00h03.18.717271 +0530,
pillow,word,z,114,14,5,z,1,0.5740334000001894,None,5,14,114,8,218.97753039999952,,,,,,,,,,,218.96517630000017,218.97753039999952,219.4612636999991,219.4612636999991,219.47787209999842,220.04432449999877,z,1,0.5740334000001894,None,,,,,2,001,2025-11-20_00h03.14.111,lexical_decision,,2025.1.1,59.98847021574402,2025-11-20 00h03.18.717271 +0530,
trallip,nonword,m,115,15,5,m,1,4.989132900000186,None,5,15,115,18,220.06057009999859,,,,,,,,,,,220.04730089999975,220.06057009999859,220.54483619999883,220.54483619999883,220.56167099999948,225.54446439999992,m,1,4.989132900000186,None,,,,,2,001,2025-11-20_00h03.14.111,lexical_decision,,2025.1.1,59.98847021574402,2025-11-20 00h03.18.717271 +0530,
clope,nonword,m,116,16,5,z,0,2.9588970000004338,None,5,16,116,19,225.56050689999938,,,,,,,,,,,225.54927150000003,225.56050689999938,226.04423659999884,226.04423659999884,226.06095879999884,229.01189729999896,z,0,2.9588970000004338,None,,,,,2,001,2025-11-20_00h03.14.111,lexical_decision,,2025.1.1,59.98847021574402,2025-11-20 00h03.18.717271 +0530,
brantle,nonword,m,117,17,5,m,1,1.8870979999992414,None,5,17,117,16,229.0271699999994,,,,,,,,,,,229.01516789999914,229.0271699999994,229.5276619999986,229.5276619999986,229.5276619999986,231.42819830000008,m,1,1.8870979999992414,None,,,,,2,001,2025-11-20_00h03.14.111,lexical_decision,,2025.1.1,59.98847021574402,2025-11-20 00h03.18.717271 +0530,
garden,word,z,118,18,5,z,1,3.8814206999995804,None,5,18,118,7,231.4437418999987,,,,,,,,,,,231.43159679999917,231.4437418999987,231.92743289999999,231.92743289999999,231.9444244999995,235.81094179999855,z,1,3.8814206999995804,None,,,,,2,001,2025-11-20_00h03.14.111,lexical_decision,,2025.1.1,59.98847021574402,2025-11-20 00h03.18.717271 +0530,
silver,word,z,119,19,5,z,1,0.9519750999988901,None,5,19,119,9,235.82699509999838,,,,,,,,,,,235.81385169999885,235.82699509999838,236.3104502999995,236.3104502999995,236.32740620000004,237.27788839999994,z,1,0.9519750999988901,None,,,,,2,001,2025-11-20_00h03.14.111,lexical_decision,,2025.1.1,59.98847021574402,2025-11-20 00h03.18.717271 +0530,
glenter,nonword,m,120,0,6,m,1,1.0402642999997624,None,6,0,120,14,237.29375999999866,,,,,,,,,,,237.28242799999862,237.29375999999866,237.79351849999875,237.79351849999875,237.79351849999875,238.844119899999,m,1,1.0402642999997624,None,,,,,2,001,2025-11-20_00h03.14.111,lexical_decision,,2025.1.1,59.98847021574402,2025-11-20 00h03.18.717271 +0530,
smode,nonword,m,121,1,6,z,0,0.5486829000001308,None,6,1,121,17,238.8609994999988,,,,,,,,,,,238.84765519999928,238.8609994999988,239.34365009999965,239.34365009999965,239.3609837999993,239.91155569999864,z,0,0.5486829000001308,None,,,,,2,001,2025-11-20_00h03.14.111,lexical_decision,,2025.1.1,59.98847021574402,2025-11-20 00h03.18.717271 +0530,
snarp,nonword,m,122,2,6,z,0,0.9247273999990284,None,6,2,122,13,239.92658689999917,,,,,,,,,,,239.91610299999957,239.92658689999917,240.42651250000017,240.42651250000017,240.42651250000017,241.36157139999887,z,0,0.9247273999990284,None,,,,,2,001,2025-11-20_00h03.14.111,lexical_decision,,2025.1.1,59.98847021574402,2025-11-20 00h03.18.717271 +0530,
bottle,word,z,123,3,6,z,1,0.8442147000005207,None,6,3,123,6,241.3769416999985,,,,,,,,,,,241.36671769999884,241.3769416999985,241.87698829999863,241.87698829999863,241.87698829999863,242.72724369999924,z,1,0.8442147000005207,None,,,,,2,001,2025-11-20_00h03.14.111,lexical_decision,,2025.1.1,59.98847021574402,2025-11-20 00h03.18.717271 +0530,
brantle,nonword,m,124,4,6,m,1,0.8601121000010608,None,6,4,124,16,242.74354270000003,,,,,,,,,,,242.7314067999996,242.74354270000003,243.2269467999995,243.2269467999995,243.24324969999907,244.09449129999848,m,1,0.8601121000010608,None,,,,,2,001,2025-11-20_00h03.14.111,lexical_decision,,2025.1.1,59.98847021574402,2025-11-20 00h03.18.717271 +0530,
drent,nonword,m,125,5,6,m,1,1.2901786000002176,None,6,5,125,11,244.1097635999995,,,,,,,,,,,244.10008430000016,244.1097635999995,244.5934914999998,244.5934914999998,244.61050299999988,245.8944565999991,m,1,1.2901786000002176,None,,,,,2,001,2025-11-20_00h03.14.111,lexical_decision,,2025.1.1,59.98847021574402,2025-11-20 00h03.18.717271 +0530,
garden,word,z,126,6,6,z,1,0.5860104999992473,None,6,6,126,7,245.90968949999842,,,,,,,,,,,245.89945679999983,245.90968949999842,246.3934636999984,246.3934636999984,246.4099771000001,246.994456299999,z,1,0.5860104999992473,None,,,,,2,001,2025-11-20_00h03.14.111,lexical_decision,,2025.1.1,59.98847021574402,2025-11-20 00h03.18.717271 +0530,
river,word,z,127,7,6,z,1,0.9333387000006041,None,6,7,127,1,247.0098442999988,,,,,,,,,,,246.9993031999984,247.0098442999988,247.51020160000007,247.51020160000007,247.51020160000007,248.46066679999967,z,1,0.9333387000006041,None,,,,,2,001,2025-11-20_00h03.14.111,lexical_decision,,2025.1.1,59.98847021574402,2025-11-20 00h03.18.717271 +0530,
window,word,z,128,8,6,z,1,0.7256385000000591,None,6,8,128,2,248.47650280000016,,,,,,,,,,,248.46642769999926,248.47650280000016,248.96005069999956,248.96005069999956,248.97668559999875,249.69444619999922,z,1,0.7256385000000591,None,,,,,2,001,2025-11-20_00h03.14.111,lexical_decision,,2025.1.1,59.98847021574402,2025-11-20 00h03.18.717271 +0530,
yellow,word,z,129,9,6,z,1,0.41094990000055986,None,6,9,129,4,249.7097722999988,,,,,,,,,,,249.69886570000017,249.7097722999988,250.2097853999985,250.2097853999985,250.2097853999985,250.62780839999868,z,1,0.41094990000055986,None,,,,,2,001,2025-11-20_00h03.14.111,lexical_decision,,2025.1.1,59.98847021574402,2025-11-20 00h03.18.717271 +0530,
flirp,nonword,m,130,10,6,m,1,2.0254494000000705,None,6,10,130,10,250.64292569999998,,,,,,,,,,,250.63219799999933,250.64292569999998,251.14373769999838,251.14373769999838,251.14373769999838,253.1767361000002,m,1,2.0254494000000705,None,,,,,2,001,2025-11-20_00h03.14.111,lexical_decision,,2025.1.1,59.98847021574402,2025-11-20 00h03.18.717271 +0530,
clope,nonword,m,131,11,6,z,0,1.2390399999985675,None,6,11,131,19,253.19257029999972,,,,,,,,,,,253.18097729999863,253.19257029999972,253.6764332999992,253.6764332999992,253.6929117999989,254.9276743999999,z,0,1.2390399999985675,None,,,,,2,001,2025-11-20_00h03.14.111,lexical_decision,,2025.1.1,59.98847021574402,2025-11-20 00h03.18.717271 +0530,
market,word,z,132,12,6,z,1,4.260150000000067,None,6,12,132,5,254.94236439999986,,,,,,,,,,,254.93280389999927,254.94236439999986,255.44307189999927,255.44307189999927,255.44307189999927,259.7099784000002,z,1,4.260150000000067,None,,,,,2,001,2025-11-20_00h03.14.111,lexical_decision,,2025.1.1,59.98847021574402,2025-11-20 00h03.18.717271 +0530,
silver,word,z,133,13,6,z,1,0.6321963999998843,None,6,13,133,9,259.72571759999846,,,,,,,,,,,259.7142272000001,259.72571759999846,260.20924729999933,260.20924729999933,260.2261562999993,260.8601824999987,z,1,0.6321963999998843,None,,,,,2,001,2025-11-20_00h03.14.111,lexical_decision,,2025.1.1,59.98847021574402,2025-11-20 00h03.18.717271 +0530,
fradge,nonword,m,134,14,6,m,1,0.7166092999996181,None,6,14,134,15,260.87588270000015,,,,,,,,,,,260.86496649999935,260.87588270000015,261.3757311999998,261.3757311999998,261.3757311999998,262.1101902999999,m,1,0.7166092999996181,None,,,,,2,001,2025-11-20_00h03.14.111,lexical_decision,,2025.1.1,59.98847021574402,2025-11-20 00h03.18.717271 +0530,
pillow,word,z,135,15,6,z,1,0.869586499999059,None,6,15,135,8,262.1257963999997,,,,,,,,,,,262.11521769999854,262.1257963999997,262.62586679999913,262.62586679999913,262.62586679999913,263.5104941999998,z,1,0.869586499999059,None,,,,,2,001,2025-11-20_00h03.14.111,lexical_decision,,2025.1.1,59.98847021574402,2025-11-20 00h03.18.717271 +0530,
apple,word,z,136,16,6,z,1,0.5725448000011966,None,6,16,136,0,263.5255662999989,,,,,,,,,,,263.51548550000007,263.5255662999989,264.02580469999884,264.02580469999884,264.02580469999884,264.6100420999992,z,1,0.5725448000011966,None,,,,,2,001,2025-11-20_00h03.14.111,lexical_decision,,2025.1.1,59.98847021574402,2025-11-20 00h03.18.717271 +0530,
doctor,word,z,137,17,6,z,1,0.4185464999991382,None,6,17,137,3,264.6257207999988,,,,,,,,,,,264.61495229999855,264.6257207999988,265.1258438999994,265.1258438999994,265.1258438999994,265.5603768000001,z,1,0.4185464999991382,None,,,,,2,001,2025-11-20_00h03.14.111,lexical_decision,,2025.1.1,59.98847021574402,2025-11-20 00h03.18.717271 +0530,
plome,nonword,m,138,18,6,z,0,0.35407110000051034,None,6,18,138,12,265.5757436999993,,,,,,,,,,,265.56440440000006,265.5757436999993,266.07553629999893,266.07553629999893,266.07553629999893,266.4426610999999,z,0,0.35407110000051034,None,,,,,2,001,2025-11-20_00h03.14.111,lexical_decision,,2025.1.1,59.98847021574402,2025-11-20 00h03.18.717271 +0530,
trallip,nonword,m,139,19,6,m,1,0.829275800000687,None,6,19,139,18,266.45902639999986,,,,,,,,,,,266.44697199999973,266.45902639999986,266.94253039999967,266.94253039999967,266.9588176999987,267.77662059999966,m,1,0.829275800000687,None,,,,,2,001,2025-11-20_00h03.14.111,lexical_decision,,2025.1.1,59.98847021574402,2025-11-20 00h03.18.717271 +0530,
smode,nonword,m,140,0,7,z,0,1.9537653000006685,None,7,0,140,17,267.7916873999984,,,,,,,,,,,267.7821492999992,267.7916873999984,268.2924508999986,268.2924508999986,268.2924508999986,270.260111399999,z,0,1.9537653000006685,None,,,,,2,001,2025-11-20_00h03.14.111,lexical_decision,,2025.1.1,59.98847021574402,2025-11-20 00h03.18.717271 +0530,
clope,nonword,m,141,1,7,z,0,1.1182279999993625,None,7,1,141,19,270.2752583999991,,,,,,,,,,,270.2649043000001,270.2752583999991,270.77584469999965,270.77584469999965,270.77584469999965,271.9089863999998,z,0,1.1182279999993625,None,,,,,2,001,2025-11-20_00h03.14.111,lexical_decision,,2025.1.1,59.98847021574402,2025-11-20 00h03.18.717271 +0530,
glenter,nonword,m,142,2,7,m,1,1.3544853999992483,None,7,2,142,14,271.9249919999984,,,,,,,,,,,271.91321959999914,271.9249919999984,272.40862919999927,272.40862919999927,272.4255500999989,273.77652809999927,m,1,1.3544853999992483,None,,,,,2,001,2025-11-20_00h03.14.111,lexical_decision,,2025.1.1,59.98847021574402,2025-11-20 00h03.18.717271 +0530,
fradge,nonword,m,143,3,7,m,1,1.9240453000002162,None,7,3,143,15,273.7914692999984,,,,,,,,,,,273.7811404999993,273.7914692999984,274.29204409999875,274.29204409999875,274.29204409999875,276.2261570999999,m,1,1.9240453000002162,None,,,,,2,001,2025-11-20_00h03.14.111,lexical_decision,,2025.1.1,59.98847021574402,2025-11-20 00h03.18.717271 +0530,
market,word,z,144,4,7,z,1,1.2388264000001072,None,7,4,144,5,276.2417537000001,,,,,,,,,,,276.2303347999987,276.2417537000001,276.74147359999915,276.74147359999915,276.74147359999915,277.99252239999987,z,1,1.2388264000001072,None,,,,,2,001,2025-11-20_00h03.14.111,lexical_decision,,2025.1.1,59.98847021574402,2025-11-20 00h03.18.717271 +0530,
pillow,word,z,145,5,7,z,1,0.4348419999987527,None,7,5,145,8,278.0083698999988,,,,,,,,,,,277.99736929999926,278.0083698999988,278.4918087999995,278.4918087999995,278.5085464999993,278.9425694999991,z,1,0.4348419999987527,None,,,,,2,001,2025-11-20_00h03.14.111,lexical_decision,,2025.1.1,59.98847021574402,2025-11-20 00h03.18.717271 +0530,
snarp,nonword,m,146,6,7,z,0,0.40658430000075896,None,7,6,146,13,278.9585145000001,,,,,,,,,,,278.9472799999985,278.9585145000001,279.4585711,279.4585711,279.4585711,279.8753906999991,z,0,0.40658430000075896,None,,,,,2,001,2025-11-20_00h03.14.111,lexical_decision,,2025.1.1,59.98847021574402,2025-11-20 00h03.18.717271 +0530,
plome,nonword,m,147,7,7,z,0,0.8119134000007762,None,7,7,147,12,279.8914299999997,,,,,,,,,,,279.87940249999883,279.8914299999997,280.374932499999,280.374932499999,280.3915175000002,281.1920546000001,z,0,0.8119134000007762,None,,,,,2,001,2025-11-20_00h03.14.111,lexical_decision,,2025.1.1,59.98847021574402,2025-11-20 00h03.18.717271 +0530,
flirp,nonword,m,148,8,7,m,1,0.6485420999997586,None,7,8,148,10,281.20857350000006,,,,,,,,,,,281.19582809999883,281.20857350000006,281.69155189999947,281.69155189999947,281.7084735999997,282.341959899999,m,1,0.6485420999997586,None,,,,,2,001,2025-11-20_00h03.14.111,lexical_decision,,2025.1.1,59.98847021574402,2025-11-20 00h03.18.717271 +0530,
silver,word,z,149,9,7,z,1,0.7947316000008868,None,7,9,149,9,282.3578897999996,,,,,,,,,,,282.3472950999985,282.3578897999996,282.8417129999998,282.8417129999998,282.858334999999,283.64208979999967,z,1,0.7947316000008868,None,,,,,2,001,2025-11-20_00h03.14.111,lexical_decision,,2025.1.1,59.98847021574402,2025-11-20 00h03.18.717271 +0530,
apple,word,z,150,10,7,z,1,0.48998029999893333,None,7,10,150,0,283.65810449999844,,,,,,,,,,,283.64696229999936,283.65810449999844,284.1413585999999,284.1413585999999,284.15857419999884,284.6423423999986,z,1,0.48998029999893333,None,,,,,2,001,2025-11-20_00h03.14.111,lexical_decision,,2025.1.1,59.98847021574402,2025-11-20 00h03.18.717271 +0530,
doctor,word,z,151,11,7,z,1,0.366821900001014,None,7,11,151,3,284.6580626999985,,,,,,,,,,,284.6463189999995,284.6580626999985,285.1412737999999,285.1412737999999,285.1577376999994,285.52611609999985,z,1,0.366821900001014,None,,,,,2,001,2025-11-20_00h03.14.111,lexical_decision,,2025.1.1,59.98847021574402,2025-11-20 00h03.18.717271 +0530,
bottle,word,z,152,12,7,z,1,0.3246460999998817,None,7,12,152,6,285.54097869999896,,,,,,,,,,,285.5314667999992,285.54097869999896,286.0410566999999,286.0410566999999,286.0410566999999,286.3756694999993,z,1,0.3246460999998817,None,,,,,2,001,2025-11-20_00h03.14.111,lexical_decision,,2025.1.1,59.98847021574402,2025-11-20 00h03.18.717271 +0530,
river,word,z,153,13,7,z,1,0.5105221000012534,None,7,13,153,1,286.39130789999945,,,,,,,,,,,286.3804719,286.39130789999945,286.874744499999,286.874744499999,286.89106619999984,287.3916898999996,z,1,0.5105221000012534,None,,,,,2,001,2025-11-20_00h03.14.111,lexical_decision,,2025.1.1,59.98847021574402,2025-11-20 00h03.18.717271 +0530,
drent,nonword,m,154,14,7,m,1,1.04930880000029,None,7,14,154,11,287.407725699999,,,,,,,,,,,287.39676529999997,287.407725699999,287.8912169999985,287.8912169999985,287.907973899999,288.9589277999985,m,1,1.04930880000029,None,,,,,2,001,2025-11-20_00h03.14.111,lexical_decision,,2025.1.1,59.98847021574402,2025-11-20 00h03.18.717271 +0530,
yellow,word,z,155,15,7,z,1,0.7413612999989709,None,7,15,155,4,288.9746792999995,,,,,,,,,,,288.96419719999903,288.9746792999995,289.4579374999994,289.4579374999994,289.4744480999998,290.2094301999987,z,1,0.7413612999989709,None,,,,,2,001,2025-11-20_00h03.14.111,lexical_decision,,2025.1.1,59.98847021574402,2025-11-20 00h03.18.717271 +0530,
window,word,z,156,16,7,z,1,0.46889030000056664,None,7,16,156,2,290.2243282999989,,,,,,,,,,,290.21419439999954,290.2243282999989,290.7245277000002,290.7245277000002,290.7245277000002,291.20902509999905,z,1,0.46889030000056664,None,,,,,2,001,2025-11-20_00h03.14.111,lexical_decision,,2025.1.1,59.98847021574402,2025-11-20 00h03.18.717271 +0530,
brantle,nonword,m,157,17,7,z,0,0.43218610000076296,None,7,17,157,16,291.22469420000016,,,,,,,,,,,291.21430359999977,291.22469420000016,291.7246654999999,291.7246654999999,291.7246654999999,292.17501379999885,z,0,0.43218610000076296,None,,,,,2,001,2025-11-20_00h03.14.111,lexical_decision,,2025.1.1,59.98847021574402,2025-11-20 00h03.18.717271 +0530,
garden,word,z,158,18,7,z,1,1.157538299999942,None,7,18,158,7,292.1908812999991,,,,,,,,,,,292.1798297999994,292.1908812999991,292.67404089999945,292.67404089999945,292.6906679999993,293.8419705999986,z,1,1.157538299999942,None,,,,,2,001,2025-11-20_00h03.14.111,lexical_decision,,2025.1.1,59.98847021574402,2025-11-20 00h03.18.717271 +0530,
trallip,nonword,m,159,19,7,m,1,0.8546601999987615,None,7,19,159,18,293.85756389999915,,,,,,,,,,,293.8461927999997,293.85756389999915,294.3575330999993,294.3575330999993,294.3575330999993,295.22540219999973,m,1,0.8546601999987615,None,,,,,2,001,2025-11-20_00h03.14.111,lexical_decision,,2025.1.1,59.98847021574402,2025-11-20 00h03.18.717271 +0530,
drent,nonword,m,160,0,8,m,1,1.146647399998983,None,8,0,160,11,295.2409080999987,,,,,,,,,,,295.2299776,295.2409080999987,295.7406042999992,295.7406042999992,295.7406042999992,296.89125689999855,m,1,1.146647399998983,None,,,,,2,001,2025-11-20_00h03.14.111,lexical_decision,,2025.1.1,59.98847021574402,2025-11-20 00h03.18.717271 +0530,
snarp,nonword,m,161,1,8,z,0,0.5197232000009535,None,8,1,161,13,296.9071410999986,,,,,,,,,,,296.89684169999964,296.9071410999986,297.3907662999991,297.3907662999991,297.4074155999988,297.92517979999866,z,0,0.5197232000009535,None,,,,,2,001,2025-11-20_00h03.14.111,lexical_decision,,2025.1.1,59.98847021574402,2025-11-20 00h03.18.717271 +0530,
smode,nonword,m,162,2,8,z,0,0.5222677000001568,None,8,2,162,17,297.9405678999992,,,,,,,,,,,297.929641499999,297.9405678999992,298.4409653999992,298.4409653999992,298.4409653999992,298.9751011999997,z,0,0.5222677000001568,None,,,,,2,001,2025-11-20_00h03.14.111,lexical_decision,,2025.1.1,59.98847021574402,2025-11-20 00h03.18.717271 +0530,
flirp,nonword,m,163,3,8,m,1,1.1254059000002599,None,8,3,163,10,298.99037879999923,,,,,,,,,,,298.9793680999992,298.99037879999923,299.4740574999996,299.4740574999996,299.4904080999986,300.60857810000016,m,1,1.1254059000002599,None,,,,,2,001,2025-11-20_00h03.14.111,lexical_decision,,2025.1.1,59.98847021574402,2025-11-20 00h03.18.717271 +0530,
window,word,z,164,4,8,z,1,0.5232445999990887,None,8,4,164,2,300.62394940000013,,,,,,,,,,,300.61362459999873,300.62394940000013,301.10728389999895,301.10728389999895,301.1242278999998,301.6415434999999,z,1,0.5232445999990887,None,,,,,2,001,2025-11-20_00h03.14.111,lexical_decision,,2025.1.1,59.98847021574402,2025-11-20 00h03.18.717271 +0530,
market,word,z,165,5,8,z,1,1.1656211000008625,None,8,5,165,5,301.6574783999986,,,,,,,,,,,301.64609239999845,301.6574783999986,302.14063649999844,302.14063649999844,302.15749909999977,303.3251298999985,z,1,1.1656211000008625,None,,,,,2,001,2025-11-20_00h03.14.111,lexical_decision,,2025.1.1,59.98847021574402,2025-11-20 00h03.18.717271 +0530,
clope,nonword,m,166,6,8,z,0,1.341173400000116,None,8,6,166,19,303.34044319999884,,,,,,,,,,,303.3297943999987,303.34044319999884,303.84053119999953,303.84053119999953,303.84053119999953,305.19110229999933,z,0,1.341173400000116,None,,,,,2,001,2025-11-20_00h03.14.111,lexical_decision,,2025.1.1,59.98847021574402,2025-11-20 00h03.18.717271 +0530,
trallip,nonword,m,167,7,8,m,1,1.5581020999998145,None,8,7,167,18,305.2070499999991,,,,,,,,,,,305.19659239999964,305.2070499999991,305.6908588999995,305.6908588999995,305.7073274999984,307.2577341999986,m,1,1.5581020999998145,None,,,,,2,001,2025-11-20_00h03.14.111,lexical_decision,,2025.1.1,59.98847021574402,2025-11-20 00h03.18.717271 +0530,
plome,nonword,m,168,8,8,z,0,0.41979880000144476,None,8,8,168,12,307.27359089999845,,,,,,,,,,,307.2617687000002,307.27359089999845,307.7737453999998,307.7737453999998,307.7737453999998,308.2075034999998,z,0,0.41979880000144476,None,,,,,2,001,2025-11-20_00h03.14.111,lexical_decision,,2025.1.1,59.98847021574402,2025-11-20 00h03.18.717271 +0530,
apple,word,z,169,9,8,z,1,0.8084367999999813,None,8,9,169,0,308.2234835999989,,,,,,,,,,,308.2118922999998,308.2234835999989,308.7067083000002,308.7067083000002,308.72321379999994,309.5243327999997,z,1,0.8084367999999813,None,,,,,2,001,2025-11-20_00h03.14.111,lexical_decision,,2025.1.1,59.98847021574402,2025-11-20 00h03.18.717271 +0530,
fradge,nonword,m,170,10,8,m,1,1.6032591000002867,None,8,10,170,15,309.53992949999883,,,,,,,,,,,309.5294796999988,309.53992949999883,310.02358939999976,310.02358939999976,310.0401235999998,311.6411102999991,m,1,1.6032591000002867,None,,,,,2,001,2025-11-20_00h03.14.111,lexical_decision,,2025.1.1,59.98847021574402,2025-11-20 00h03.18.717271 +0530,
brantle,nonword,m,171,11,8,z,0,0.5561249000002135,None,8,11,171,16,311.65664749999996,,,,,,,,,,,311.6457455999989,311.65664749999996,312.1569978999996,312.1569978999996,312.1569978999996,312.72464429999854,z,0,0.5561249000002135,None,,,,,2,001,2025-11-20_00h03.14.111,lexical_decision,,2025.1.1,59.98847021574402,2025-11-20 00h03.18.717271 +0530,
bottle,word,z,172,12,8,z,1,1.192207000000053,None,8,12,172,6,312.7399816999987,,,,,,,,,,,312.72916409999925,312.7399816999987,313.2397426999996,313.2397426999996,313.2397426999996,314.4411822999991,z,1,1.192207000000053,None,,,,,2,001,2025-11-20_00h03.14.111,lexical_decision,,2025.1.1,59.98847021574402,2025-11-20 00h03.18.717271 +0530,
river,word,z,173,13,8,z,1,0.5625772000003053,None,8,13,173,1,314.4565444,,,,,,,,,,,314.4459749999987,314.4565444,314.9567410999989,314.9567410999989,314.9567410999989,315.52349089999916,z,1,0.5625772000003053,None,,,,,2,001,2025-11-20_00h03.14.111,lexical_decision,,2025.1.1,59.98847021574402,2025-11-20 00h03.18.717271 +0530,
silver,word,z,174,14,8,z,1,0.4656109000006836,None,8,14,174,9,315.5394359999991,,,,,,,,,,,315.5279567999987,315.5394359999991,316.02348059999895,316.02348059999895,316.0397112999999,316.49098259999846,z,1,0.4656109000006836,None,,,,,2,001,2025-11-20_00h03.14.111,lexical_decision,,2025.1.1,59.98847021574402,2025-11-20 00h03.18.717271 +0530,
glenter,nonword,m,175,15,8,m,1,1.3824894000008499,None,8,15,175,14,316.50667619999876,,,,,,,,,,,316.4953947999984,316.50667619999876,317.00660999999855,317.00660999999855,317.00660999999855,318.4074125999996,m,1,1.3824894000008499,None,,,,,2,001,2025-11-20_00h03.14.111,lexical_decision,,2025.1.1,59.98847021574402,2025-11-20 00h03.18.717271 +0530,
doctor,word,z,176,16,8,z,1,0.5564229000010528,None,8,16,176,3,318.42298519999895,,,,,,,,,,,318.4121121999997,318.42298519999895,318.92290259999936,318.92290259999936,318.92290259999936,319.49101840000003,z,1,0.5564229000010528,None,,,,,2,001,2025-11-20_00h03.14.111,lexical_decision,,2025.1.1,59.98847021574402,2025-11-20 00h03.18.717271 +0530,
garden,word,z,177,17,8,z,1,0.70922100000098,None,8,17,177,7,319.5064887999997,,,,,,,,,,,319.49584089999917,319.5064887999997,320.0064569999995,320.0064569999995,320.0064569999995,320.7239078999992,z,1,0.70922100000098,None,,,,,2,001,2025-11-20_00h03.14.111,lexical_decision,,2025.1.1,59.98847021574402,2025-11-20 00h03.18.717271 +0530,
pillow,word,z,178,18,8,z,1,0.42429919999995036,None,8,18,178,8,320.7399489999989,,,,,,,,,,,320.7283865999998,320.7399489999989,321.2231455000001,321.2231455000001,321.23981569999887,321.6572605000001,z,1,0.42429919999995036,None,,,,,2,001,2025-11-20_00h03.14.111,lexical_decision,,2025.1.1,59.98847021574402,2025-11-20 00h03.18.717271 +0530,
yellow,word,z,179,19,8,z,1,0.34866929999952845,None,8,19,179,4,321.6729231999998,,,,,,,,,,,321.66296839999995,321.6729231999998,322.17309529999875,322.17309529999875,322.17309529999875,322.5236995999985,z,1,0.34866929999952845,None,,,,,2,001,2025-11-20_00h03.14.111,lexical_decision,,2025.1.1,59.98847021574402,2025-11-20 00h03.18.717271 +0530,
plome,nonword,m,180,0,9,z,0,1.2242693999996845,None,9,0,180,12,322.53967620000003,,,,,,,,,,,322.5281589999995,322.53967620000003,323.0228625,323.0228625,323.0393604000001,324.25745149999966,z,0,1.2242693999996845,None,,,,,2,001,2025-11-20_00h03.14.111,lexical_decision,,2025.1.1,59.98847021574402,2025-11-20 00h03.18.717271 +0530,
snarp,nonword,m,181,1,9,z,0,0.8734750999992684,None,9,1,181,13,324.2729786,,,,,,,,,,,324.2620447999998,324.2729786,324.7728114999991,324.7728114999991,324.7728114999991,325.6569294000001,z,0,0.8734750999992684,None,,,,,2,001,2025-11-20_00h03.14.111,lexical_decision,,2025.1.1,59.98847021574402,2025-11-20 00h03.18.717271 +0530,
window,word,z,182,2,9,z,1,0.42836610000085784,None,9,2,182,2,325.6725355999988,,,,,,,,,,,325.66206299999976,325.6725355999988,326.17276759999913,326.17276759999913,326.17276759999913,326.6066082999987,z,1,0.42836610000085784,None,,,,,2,001,2025-11-20_00h03.14.111,lexical_decision,,2025.1.1,59.98847021574402,2025-11-20 00h03.18.717271 +0530,
river,word,z,183,3,9,z,1,0.6728782999998657,None,9,3,183,1,326.62243489999855,,,,,,,,,,,326.61102799999935,326.62243489999855,327.1057134999992,327.1057134999992,327.1223766999992,327.79014669999924,z,1,0.6728782999998657,None,,,,,2,001,2025-11-20_00h03.14.111,lexical_decision,,2025.1.1,59.98847021574402,2025-11-20 00h03.18.717271 +0530,
apple,word,z,184,4,9,z,1,1.5078978999990795,None,9,4,184,0,327.8059353999997,,,,,,,,,,,327.7948962999999,327.8059353999997,328.288729599999,328.288729599999,328.3062081999997,329.80595249999897,z,1,1.5078978999990795,None,,,,,2,001,2025-11-20_00h03.14.111,lexical_decision,,2025.1.1,59.98847021574402,2025-11-20 00h03.18.717271 +0530,
bottle,word,z,185,5,9,z,1,0.6547091000011278,None,9,5,185,6,329.82229149999876,,,,,,,,,,,329.81056869999884,329.82229149999876,330.30580649999865,330.30580649999865,330.322315899999,330.9735193999986,z,1,0.6547091000011278,None,,,,,2,001,2025-11-20_00h03.14.111,lexical_decision,,2025.1.1,59.98847021574402,2025-11-20 00h03.18.717271 +0530,
silver,word,z,186,6,9,z,1,4.995205000001079,None,9,6,186,9,330.98911749999934,,,,,,,,,,,330.97744579999926,330.98911749999934,331.4723137000001,331.4723137000001,331.48923659999855,336.47331569999915,z,1,4.995205000001079,None,,,,,2,001,2025-11-20_00h03.14.111,lexical_decision,,2025.1.1,59.98847021574402,2025-11-20 00h03.18.717271 +0530,
drent,nonword,m,187,7,9,m,1,1.8222911000011663,None,9,7,187,11,336.48859169999923,,,,,,,,,,,336.4777837999991,336.48859169999923,336.9884833999986,336.9884833999986,336.9884833999986,338.8229917999997,m,1,1.8222911000011663,None,,,,,2,001,2025-11-20_00h03.14.111,lexical_decision,,2025.1.1,59.98847021574402,2025-11-20 00h03.18.717271 +0530,
clope,nonword,m,188,8,9,z,0,0.5710161999995762,None,9,8,188,19,338.8386828999992,,,,,,,,,,,338.82771460000004,338.8386828999992,339.32198229999995,339.32198229999995,339.3387941000001,339.90636469999845,z,0,0.5710161999995762,None,,,,,2,001,2025-11-20_00h03.14.111,lexical_decision,,2025.1.1,59.98847021574402,2025-11-20 00h03.18.717271 +0530,
trallip,nonword,m,189,9,9,z,0,0.7965295999983937,None,9,9,189,18,339.9222121999992,,,,,,,,,,,339.9103620999995,339.9222121999992,340.42176819999986,340.42176819999986,340.42176819999986,341.22255099999893,z,0,0.7965295999983937,None,,,,,2,001,2025-11-20_00h03.14.111,lexical_decision,,2025.1.1,59.98847021574402,2025-11-20 00h03.18.717271 +0530,
brantle,nonword,m,190,10,9,m,1,1.176295499999469,None,9,10,190,16,341.2383402999985,,,,,,,,,,,341.2266858999992,341.2383402999985,341.7382048999989,341.7382048999989,341.7382048999989,342.9225999999999,m,1,1.176295499999469,None,,,,,2,001,2025-11-20_00h03.14.111,lexical_decision,,2025.1.1,59.98847021574402,2025-11-20 00h03.18.717271 +0530,
glenter,nonword,m,191,11,9,m,1,0.6681993000001967,None,9,11,191,14,342.93824119999954,,,,,,,,,,,342.927816899999,342.93824119999954,343.4217809999991,343.4217809999991,343.4383098999988,344.1064271999985,m,1,0.6681993000001967,None,,,,,2,001,2025-11-20_00h03.14.111,lexical_decision,,2025.1.1,59.98847021574402,2025-11-20 00h03.18.717271 +0530,
yellow,word,z,192,12,9,z,1,2.568581200001063,None,9,12,192,4,344.1217388999994,,,,,,,,,,,344.11099209999884,344.1217388999994,344.62186479999946,344.62186479999946,344.62186479999946,347.2052709999989,z,1,2.568581200001063,None,,,,,2,001,2025-11-20_00h03.14.111,lexical_decision,,2025.1.1,59.98847021574402,2025-11-20 00h03.18.717271 +0530,
pillow,word,z,193,13,9,z,1,0.5392124000009062,None,9,13,193,8,347.22156539999924,,,,,,,,,,,347.20918299999903,347.22156539999924,347.70483950000016,347.70483950000016,347.72137849999854,348.25613949999934,z,1,0.5392124000009062,None,,,,,2,001,2025-11-20_00h03.14.111,lexical_decision,,2025.1.1,59.98847021574402,2025-11-20 00h03.18.717271 +0530,
flirp,nonword,m,194,14,9,m,1,1.4994774000006146,None,9,14,194,10,348.27127289999953,,,,,,,,,,,348.2611773999997,348.27127289999953,348.7718229000002,348.7718229000002,348.7718229000002,350.2892243999995,m,1,1.4994774000006146,None,,,,,2,001,2025-11-20_00h03.14.111,lexical_decision,,2025.1.1,59.98847021574402,2025-11-20 00h03.18.717271 +0530,
smode,nonword,m,195,15,9,m,1,1.174240300000747,None,9,15,195,17,350.3048224999984,,,,,,,,,,,350.2936211999986,350.3048224999984,350.80447169999934,350.80447169999934,350.80447169999934,351.98833469999954,m,1,1.174240300000747,None,,,,,2,001,2025-11-20_00h03.14.111,lexical_decision,,2025.1.1,59.98847021574402,2025-11-20 00h03.18.717271 +0530,
market,word,z,196,16,9,m,0,0.9597548000001552,None,9,16,196,5,352.00444289999905,,,,,,,,,,,351.9923235999995,352.00444289999905,352.48794049999924,352.48794049999924,352.50467930000013,353.45573759999934,m,0,0.9597548000001552,None,,,,,2,001,2025-11-20_00h03.14.111,lexical_decision,,2025.1.1,59.98847021574402,2025-11-20 00h03.18.717271 +0530,
fradge,nonword,m,197,17,9,z,0,4.615123499999754,None,9,17,197,15,353.47129759999916,,,,,,,,,,,353.4611755999995,353.47129759999916,353.9717031,353.9717031,353.9717031,358.5884810999996,z,0,4.615123499999754,None,,,,,2,001,2025-11-20_00h03.14.111,lexical_decision,,2025.1.1,59.98847021574402,2025-11-20 00h03.18.717271 +0530,
garden,word,z,198,18,9,z,1,1.4453343999994104,None,9,18,198,7,358.6040166999992,,,,,,,,,,,358.5926032999996,358.6040166999992,359.087268199999,359.087268199999,359.1041054999987,360.5377951999999,z,1,1.4453343999994104,None,,,,,2,001,2025-11-20_00h03.14.111,lexical_decision,,2025.1.1,59.98847021574402,2025-11-20 00h03.18.717271 +0530,
doctor,word,z,199,19,9,z,1,0.44121369999993476,None,9,19,199,3,360.5543351999986,,,,,,,,,,,360.54199229999904,360.5543351999986,361.0377028999992,361.0377028999992,361.05470669999886,361.48875489999955,z,1,0.44121369999993476,None,,,,,2,001,2025-11-20_00h03.14.111,lexical_decision,,2025.1.1,59.98847021574402,2025-11-20 00h03.18.717271 +0530,
,,,,,,,,,,,,,,,,,,,,,,,,,,,,,,,,,,,361.48904859999857,361.50457689999894,363.5042135999993,363.4883856999986,2,001,2025-11-20_00h03.14.111,lexical_decision,,2025.1.1,59.98847021574402,2025-11-20 00h03.18.717271 +0530,
