thisN,thisTrialN,thisRepN,mouse.x,mouse.y,mouse.leftButton,mouse.midButton,mouse.rightButton,mouse.time,mouse.clicked_name,trials.thisRepN,trials.thisTrialN,trials.thisN,trials.thisIndex,thisRow.t,notes,Instructions.started,text.started,key_resp.started,Instructions.stopped,key_resp.keys,key_resp.rt,key_resp.duration,num_distr,trial.started,fixation.started,target.started,mouse.started,trial.stopped,trials.mouse.x,trials.mouse.y,trials.mouse.leftButton,trials.mouse.midButton,trials.mouse.rightButton,trials.mouse.time,trials.mouse.clicked_name,Thank_you_.started,text_2.started,text_2.stopped,Thank_you_.stopped,participant,session,date,expName,expVersion,psychopyVersion,frameRate,expStart,
,,,,,,,,,,,,,,,,0.01026610005646944,0.013728799996897578,0.013728799996897578,1.074134400114417,space,1.0322672999463975,None,,,,,,,,,,,,,,,,,,3,001,2025-10-02_18h59.24.622,visual search,,2025.1.1,59.95261345642845,2025-10-02 18h59.30.204727 +0530,
0,0,0,[np.float64(-0.43833333333333335)],[np.float64(-0.3308333333333333)],[1],[0],[0],[1.2719173999503255],['target'],0,0,0,0,1.0952219001483172,,,,,,,,,5,1.0865736999548972,1.0952219001483172,1.0952219001483172,0.01244560000486672,2.348798300139606,[np.float64(-0.43833333333333335)],[np.float64(-0.3308333333333333)],[1],[0],[0],[1.2719173999503255],['target'],,,,,3,001,2025-10-02_18h59.24.622,visual search,,2025.1.1,59.95261345642845,2025-10-02 18h59.30.204727 +0530,
1,0,1,[np.float64(0.2841666666666667)],[np.float64(-0.36666666666666664)],[1],[0],[0],[1.1471257000230253],['target'],1,0,1,0,2.365493700141087,,,,,,,,,5,2.3596830000169575,2.365493700141087,2.365493700141087,0.010764299891889095,3.4963648000266403,[np.float64(0.2841666666666667)],[np.float64(-0.36666666666666664)],[1],[0],[0],[1.1471257000230253],['target'],,,,,3,001,2025-10-02_18h59.24.622,visual search,,2025.1.1,59.95261345642845,2025-10-02 18h59.30.204727 +0530,
2,0,2,[np.float64(-0.19416666666666665)],[np.float64(0.25)],[1],[0],[0],[2.2663535000756383],['target'],2,0,2,0,3.5136301000602543,,,,,,,,,5,3.50676740007475,3.5136301000602543,3.5136301000602543,0.01027039997279644,5.763216700172052,[np.float64(-0.19416666666666665)],[np.float64(0.25)],[1],[0],[0],[2.2663535000756383],['target'],,,,,3,001,2025-10-02_18h59.24.622,visual search,,2025.1.1,59.95261345642845,2025-10-02 18h59.30.204727 +0530,
3,0,3,[np.float64(0.395)],[np.float64(0.019166666666666665)],[1],[0],[0],[1.4817956001497805],['target'],3,0,3,0,5.783081700094044,,,,,,,,,5,5.77625700016506,5.783081700094044,5.783081700094044,0.012955500045791268,7.2454756000079215,[np.float64(0.395)],[np.float64(0.019166666666666665)],[1],[0],[0],[1.4817956001497805],['target'],,,,,3,001,2025-10-02_18h59.24.622,visual search,,2025.1.1,59.95261345642845,2025-10-02 18h59.30.204727 +0530,
4,0,4,[np.float64(0.049166666666666664)],[np.float64(0.030833333333333334)],[1],[0],[0],[1.2499142000451684],['target'],4,0,4,0,7.263350400142372,,,,,,,,,5,7.256559600122273,7.263350400142372,7.263350400142372,0.010971300071105361,8.49586970009841,[np.float64(0.049166666666666664)],[np.float64(0.030833333333333334)],[1],[0],[0],[1.2499142000451684],['target'],,,,,3,001,2025-10-02_18h59.24.622,visual search,,2025.1.1,59.95261345642845,2025-10-02 18h59.30.204727 +0530,
5,0,5,[np.float64(-0.0725)],[np.float64(-0.415)],[1],[0],[0],[1.065578700043261],['target'],5,0,5,0,8.514261099975556,,,,,,,,,5,8.507293700007722,8.514261099975556,8.514261099975556,0.011299800127744675,9.561954200034961,[np.float64(-0.0725)],[np.float64(-0.415)],[1],[0],[0],[1.065578700043261],['target'],,,,,3,001,2025-10-02_18h59.24.622,visual search,,2025.1.1,59.95261345642845,2025-10-02 18h59.30.204727 +0530,
6,0,6,[np.float64(0.30666666666666664)],[np.float64(0.009166666666666667)],[1],[0],[0],[0.9827588999178261],['target'],6,0,6,0,9.580453500151634,,,,,,,,,5,9.573585100006312,9.580453500151634,9.580453500151634,0.011541999876499176,10.545136500149965,[np.float64(0.30666666666666664)],[np.float64(0.009166666666666667)],[1],[0],[0],[0.9827588999178261],['target'],,,,,3,001,2025-10-02_18h59.24.622,visual search,,2025.1.1,59.95261345642845,2025-10-02 18h59.30.204727 +0530,
7,0,7,[np.float64(0.3475)],[np.float64(-0.25)],[1],[0],[0],[1.3159940000623465],['target'],7,0,7,0,10.63619580003433,,,,,,,,,10,10.625485300086439,10.63619580003433,10.63619580003433,0.0802012998610735,11.861694500083104,[np.float64(0.3475)],[np.float64(-0.25)],[1],[0],[0],[1.3159940000623465],['target'],,,,,3,001,2025-10-02_18h59.24.622,visual search,,2025.1.1,59.95261345642845,2025-10-02 18h59.30.204727 +0530,
8,0,8,[np.float64(-0.47583333333333333)],[np.float64(-0.145)],[1],[0],[0],[1.6496713999658823],['target'],8,0,8,0,11.880412300117314,,,,,,,,,5,11.873817099956796,11.880412300117314,11.880412300117314,0.012004000134766102,13.511781699955463,[np.float64(-0.47583333333333333)],[np.float64(-0.145)],[1],[0],[0],[1.6496713999658823],['target'],,,,,3,001,2025-10-02_18h59.24.622,visual search,,2025.1.1,59.95261345642845,2025-10-02 18h59.30.204727 +0530,
9,0,9,[np.float64(-0.375)],[np.float64(0.23416666666666666)],[1],[0],[0],[1.4155882000923157],['target'],9,0,9,0,13.540474000154063,,,,,,,,,10,13.532197100110352,13.540474000154063,13.540474000154063,0.02032650006003678,14.927763800136745,[np.float64(-0.375)],[np.float64(0.23416666666666666)],[1],[0],[0],[1.4155882000923157],['target'],,,,,3,001,2025-10-02_18h59.24.622,visual search,,2025.1.1,59.95261345642845,2025-10-02 18h59.30.204727 +0530,
10,0,10,[np.float64(0.034166666666666665)],[np.float64(-0.4558333333333333)],[1],[0],[0],[1.2035890000406653],['target'],10,0,10,0,14.944967900170013,,,,,,,,,5,14.939088999992236,14.944967900170013,14.944967900170013,0.011136600049212575,16.13201000005938,[np.float64(0.034166666666666665)],[np.float64(-0.4558333333333333)],[1],[0],[0],[1.2035890000406653],['target'],,,,,3,001,2025-10-02_18h59.24.622,visual search,,2025.1.1,59.95261345642845,2025-10-02 18h59.30.204727 +0530,
11,0,11,[np.float64(0.3125)],[np.float64(0.3616666666666667)],[1],[0],[0],[2.0179749000817537],['target'],11,0,11,0,16.15376460016705,,,,,,,,,5,16.147613800130785,16.15376460016705,16.15376460016705,0.015195999993011355,18.151090499944985,[np.float64(0.3125)],[np.float64(0.3616666666666667)],[1],[0],[0],[2.0179749000817537],['target'],,,,,3,001,2025-10-02_18h59.24.622,visual search,,2025.1.1,59.95261345642845,2025-10-02 18h59.30.204727 +0530,
12,0,12,[np.float64(0.0275)],[np.float64(-0.405)],[1],[0],[0],[1.5609800000675023],['target'],12,0,12,0,18.17302200011909,,,,,,,,,5,18.166953300125897,18.17302200011909,18.17302200011909,0.01562640001066029,19.712884600041434,[np.float64(0.0275)],[np.float64(-0.405)],[1],[0],[0],[1.5609800000675023],['target'],,,,,3,001,2025-10-02_18h59.24.622,visual search,,2025.1.1,59.95261345642845,2025-10-02 18h59.30.204727 +0530,
13,0,13,[np.float64(0.23583333333333334)],[np.float64(0.49)],[1],[0],[0],[3.631263299845159],['target'],13,0,13,0,19.75203080009669,,,,,,,,,10,19.74191730003804,19.75203080009669,19.75203080009669,0.028853700030595064,23.34482690016739,[np.float64(0.23583333333333334)],[np.float64(0.49)],[1],[0],[0],[3.631263299845159],['target'],,,,,3,001,2025-10-02_18h59.24.622,visual search,,2025.1.1,59.95261345642845,2025-10-02 18h59.30.204727 +0530,
14,0,14,[np.float64(-0.015833333333333335)],[np.float64(-0.17083333333333334)],[1],[0],[0],[1.283722700085491],['target'],14,0,14,0,23.36702820006758,,,,,,,,,5,23.361327500082552,23.36702820006758,23.36702820006758,0.01622650003992021,24.629383400082588,[np.float64(-0.015833333333333335)],[np.float64(-0.17083333333333334)],[1],[0],[0],[1.283722700085491],['target'],,,,,3,001,2025-10-02_18h59.24.622,visual search,,2025.1.1,59.95261345642845,2025-10-02 18h59.30.204727 +0530,
15,0,15,[np.float64(0.285)],[np.float64(0.1775)],[1],[0],[0],[1.6151590999215841],['target'],15,0,15,0,24.65853270003572,,,,,,,,,10,24.650049600051716,24.65853270003572,24.65853270003572,0.020493599819019437,26.245240400079638,[np.float64(0.285)],[np.float64(0.1775)],[1],[0],[0],[1.6151590999215841],['target'],,,,,3,001,2025-10-02_18h59.24.622,visual search,,2025.1.1,59.95261345642845,2025-10-02 18h59.30.204727 +0530,
16,0,16,[np.float64(0.13916666666666666)],[np.float64(0.0675)],[1],[0],[0],[1.315544700017199],['target'],16,0,16,0,26.288117400137708,,,,,,,,,10,26.278340900084004,26.288117400137708,26.288117400137708,0.032739799935370684,27.56179800000973,[np.float64(0.13916666666666666)],[np.float64(0.0675)],[1],[0],[0],[1.315544700017199],['target'],,,,,3,001,2025-10-02_18h59.24.622,visual search,,2025.1.1,59.95261345642845,2025-10-02 18h59.30.204727 +0530,
17,0,17,[np.float64(-0.07333333333333333)],[np.float64(-0.10833333333333334)],[1],[0],[0],[1.0839788999874145],['target'],17,0,17,0,27.58390420000069,,,,,,,,,5,27.57712440006435,27.58390420000069,27.58390420000069,0.015071500092744827,28.64657250000164,[np.float64(-0.07333333333333333)],[np.float64(-0.10833333333333334)],[1],[0],[0],[1.0839788999874145],['target'],,,,,3,001,2025-10-02_18h59.24.622,visual search,,2025.1.1,59.95261345642845,2025-10-02 18h59.30.204727 +0530,
18,0,18,[np.float64(-0.37333333333333335)],[np.float64(-0.1725)],[1],[0],[0],[1.7493974999524653],['target'],18,0,18,0,28.686904900008813,,,,,,,,,10,28.675502500031143,28.686904900008813,28.686904900008813,0.028743400005623698,30.396711400011554,[np.float64(-0.37333333333333335)],[np.float64(-0.1725)],[1],[0],[0],[1.7493974999524653],['target'],,,,,3,001,2025-10-02_18h59.24.622,visual search,,2025.1.1,59.95261345642845,2025-10-02 18h59.30.204727 +0530,
19,0,19,[np.float64(-0.20666666666666667)],[np.float64(0.4091666666666667)],[1],[0],[0],[2.0638182000257075],['target'],19,0,19,0,30.426697800168768,,,,,,,,,5,30.41743140015751,30.426697800168768,30.426697800168768,0.02045909990556538,32.46142449998297,[np.float64(-0.20666666666666667)],[np.float64(0.4091666666666667)],[1],[0],[0],[2.0638182000257075],['target'],,,,,3,001,2025-10-02_18h59.24.622,visual search,,2025.1.1,59.95261345642845,2025-10-02 18h59.30.204727 +0530,
20,0,20,[np.float64(0.17333333333333334)],[np.float64(0.4891666666666667)],[1],[0],[0],[1.6688117999583483],['target'],20,0,20,0,32.49342550011352,,,,,,,,,5,32.48354100016877,32.49342550011352,32.49342550011352,0.021903000073507428,34.13105730013922,[np.float64(0.17333333333333334)],[np.float64(0.4891666666666667)],[1],[0],[0],[1.6688117999583483],['target'],,,,,3,001,2025-10-02_18h59.24.622,visual search,,2025.1.1,59.95261345642845,2025-10-02 18h59.30.204727 +0530,
21,0,21,[np.float64(0.2608333333333333)],[np.float64(-0.42)],[1],[0],[0],[5.728870900114998],['target'],21,0,21,0,34.176702399970964,,,,,,,,,10,34.16333150002174,34.176702399970964,34.176702399970964,0.03206159989349544,39.86081420001574,[np.float64(0.2608333333333333)],[np.float64(-0.42)],[1],[0],[0],[5.728870900114998],['target'],,,,,3,001,2025-10-02_18h59.24.622,visual search,,2025.1.1,59.95261345642845,2025-10-02 18h59.30.204727 +0530,
22,0,22,[np.float64(0.2916666666666667)],[np.float64(-0.3883333333333333)],[1],[0],[0],[0.8503262000158429],['target'],22,0,22,0,39.88287700014189,,,,,,,,,5,39.875760399969295,39.88287700014189,39.88287700014189,0.01473459997214377,40.71179540012963,[np.float64(0.2916666666666667)],[np.float64(-0.3883333333333333)],[1],[0],[0],[0.8503262000158429],['target'],,,,,3,001,2025-10-02_18h59.24.622,visual search,,2025.1.1,59.95261345642845,2025-10-02 18h59.30.204727 +0530,
23,0,23,"[np.float64(-0.3025), np.float64(-0.2825)]","[np.float64(-0.095), np.float64(-0.10666666666666667)]","[1, 1]","[0, 0]","[0, 0]","[1.1979072999674827, 1.8675748000387102]","[None, 'target']",23,0,23,0,40.74246060010046,,,,,,,,,10,40.73419130011462,40.74246060010046,40.74246060010046,0.022238000063225627,42.57994560012594,"[np.float64(-0.3025), np.float64(-0.2825)]","[np.float64(-0.095), np.float64(-0.10666666666666667)]","[1, 1]","[0, 0]","[0, 0]","[1.1979072999674827, 1.8675748000387102]","[None, 'target']",,,,,3,001,2025-10-02_18h59.24.622,visual search,,2025.1.1,59.95261345642845,2025-10-02 18h59.30.204727 +0530,
24,0,24,[np.float64(0.0125)],[np.float64(0.25666666666666665)],[1],[0],[0],[1.4498091000132263],['target'],24,0,24,0,42.609210800146684,,,,,,,,,5,42.6002668000292,42.609210800146684,42.609210800146684,0.020063099917024374,44.030567900044844,[np.float64(0.0125)],[np.float64(0.25666666666666665)],[1],[0],[0],[1.4498091000132263],['target'],,,,,3,001,2025-10-02_18h59.24.622,visual search,,2025.1.1,59.95261345642845,2025-10-02 18h59.30.204727 +0530,
25,0,25,[np.float64(0.17416666666666666)],[np.float64(-0.4608333333333333)],[1],[0],[0],[1.3646937001030892],['target'],25,0,25,0,44.05566810001619,,,,,,,,,5,44.048298000125214,44.05566810001619,44.05566810001619,0.017506000120192766,45.3960267000366,[np.float64(0.17416666666666666)],[np.float64(-0.4608333333333333)],[1],[0],[0],[1.3646937001030892],['target'],,,,,3,001,2025-10-02_18h59.24.622,visual search,,2025.1.1,59.95261345642845,2025-10-02 18h59.30.204727 +0530,
26,0,26,[np.float64(-0.23416666666666666)],[np.float64(0.415)],[1],[0],[0],[1.8974401000887156],['target'],26,0,26,0,45.428315200144425,,,,,,,,,5,45.41748300008476,45.428315200144425,45.428315200144425,0.02127999998629093,47.2942306001205,[np.float64(-0.23416666666666666)],[np.float64(0.415)],[1],[0],[0],[1.8974401000887156],['target'],,,,,3,001,2025-10-02_18h59.24.622,visual search,,2025.1.1,59.95261345642845,2025-10-02 18h59.30.204727 +0530,
27,0,27,[np.float64(-0.195)],[np.float64(0.23333333333333334)],[1],[0],[0],[0.951629500137642],['target'],27,0,27,0,47.32056220015511,,,,,,,,,5,47.312171400059015,47.32056220015511,47.32056220015511,0.01764440000988543,48.246840100036934,[np.float64(-0.195)],[np.float64(0.23333333333333334)],[1],[0],[0],[0.951629500137642],['target'],,,,,3,001,2025-10-02_18h59.24.622,visual search,,2025.1.1,59.95261345642845,2025-10-02 18h59.30.204727 +0530,
28,0,28,[np.float64(0.20916666666666667)],[np.float64(0.0625)],[1],[0],[0],[1.2669633000623435],['target'],28,0,28,0,48.28653259994462,,,,,,,,,10,48.27457240014337,48.28653259994462,48.28653259994462,0.02757730009034276,49.5144375001546,[np.float64(0.20916666666666667)],[np.float64(0.0625)],[1],[0],[0],[1.2669633000623435],['target'],,,,,3,001,2025-10-02_18h59.24.622,visual search,,2025.1.1,59.95261345642845,2025-10-02 18h59.30.204727 +0530,
29,0,29,[np.float64(-0.27666666666666667)],[np.float64(0.19166666666666668)],[1],[0],[0],[1.0833568999078125],['target'],29,0,29,0,49.54116940009408,,,,,,,,,5,49.532642300007865,49.54116940009408,49.54116940009408,0.017978700110688806,50.59854450006969,[np.float64(-0.27666666666666667)],[np.float64(0.19166666666666668)],[1],[0],[0],[1.0833568999078125],['target'],,,,,3,001,2025-10-02_18h59.24.622,visual search,,2025.1.1,59.95261345642845,2025-10-02 18h59.30.204727 +0530,
30,0,30,[np.float64(0.12083333333333333)],[np.float64(-0.39)],[1],[0],[0],[1.9140612001065165],['target'],30,0,30,0,50.62540330016054,,,,,,,,,5,50.61540610017255,50.62540330016054,50.62540330016054,0.016662499867379665,52.51337669999339,[np.float64(0.12083333333333333)],[np.float64(-0.39)],[1],[0],[0],[1.9140612001065165],['target'],,,,,3,001,2025-10-02_18h59.24.622,visual search,,2025.1.1,59.95261345642845,2025-10-02 18h59.30.204727 +0530,
31,0,31,[np.float64(-0.03833333333333333)],[np.float64(0.035)],[1],[0],[0],[1.4671036000363529],['target'],31,0,31,0,52.5378068999853,,,,,,,,,5,52.52931930008344,52.5378068999853,52.5378068999853,0.015741300070658326,53.981257900130004,[np.float64(-0.03833333333333333)],[np.float64(0.035)],[1],[0],[0],[1.4671036000363529],['target'],,,,,3,001,2025-10-02_18h59.24.622,visual search,,2025.1.1,59.95261345642845,2025-10-02 18h59.30.204727 +0530,
32,0,32,[np.float64(-0.45166666666666666)],[np.float64(0.2275)],[1],[0],[0],[1.2349896000232548],['target'],32,0,32,0,54.00693430006504,,,,,,,,,5,53.99832590017468,54.00693430006504,54.00693430006504,0.01687250006943941,55.21697230008431,[np.float64(-0.45166666666666666)],[np.float64(0.2275)],[1],[0],[0],[1.2349896000232548],['target'],,,,,3,001,2025-10-02_18h59.24.622,visual search,,2025.1.1,59.95261345642845,2025-10-02 18h59.30.204727 +0530,
33,0,33,[np.float64(-0.0125)],[np.float64(0.2325)],[1],[0],[0],[1.2436267000157386],['target'],33,0,33,0,55.24389709997922,,,,,,,,,5,55.23470100015402,55.24389709997922,55.24389709997922,0.017566299997270107,56.46128790010698,[np.float64(-0.0125)],[np.float64(0.2325)],[1],[0],[0],[1.2436267000157386],['target'],,,,,3,001,2025-10-02_18h59.24.622,visual search,,2025.1.1,59.95261345642845,2025-10-02 18h59.30.204727 +0530,
34,0,34,[np.float64(0.2725)],[np.float64(-0.2816666666666667)],[1],[0],[0],[2.0164324999786913],['target'],34,0,34,0,56.50599850015715,,,,,,,,,10,56.49328180006705,56.50599850015715,56.50599850015715,0.03171789995394647,58.47868499998003,[np.float64(0.2725)],[np.float64(-0.2816666666666667)],[1],[0],[0],[2.0164324999786913],['target'],,,,,3,001,2025-10-02_18h59.24.622,visual search,,2025.1.1,59.95261345642845,2025-10-02 18h59.30.204727 +0530,
35,0,35,[np.float64(-0.4766666666666667)],[np.float64(0.14666666666666667)],[1],[0],[0],[1.364013599930331],['target'],35,0,35,0,58.52017970010638,,,,,,,,,10,58.50732029997744,58.52017970010638,58.52017970010638,0.028398499824106693,59.84349799994379,[np.float64(-0.4766666666666667)],[np.float64(0.14666666666666667)],[1],[0],[0],[1.364013599930331],['target'],,,,,3,001,2025-10-02_18h59.24.622,visual search,,2025.1.1,59.95261345642845,2025-10-02 18h59.30.204727 +0530,
36,0,36,[np.float64(0.025833333333333333)],[np.float64(-0.0775)],[1],[0],[0],[1.3006742999423295],['target'],36,0,36,0,59.87299289996736,,,,,,,,,5,59.86419959994964,59.87299289996736,59.87299289996736,0.020416999934241176,61.14507029997185,[np.float64(0.025833333333333333)],[np.float64(-0.0775)],[1],[0],[0],[1.3006742999423295],['target'],,,,,3,001,2025-10-02_18h59.24.622,visual search,,2025.1.1,59.95261345642845,2025-10-02 18h59.30.204727 +0530,
37,0,37,[np.float64(0.4558333333333333)],[np.float64(-0.305)],[1],[0],[0],[2.1016480000689626],['target'],37,0,37,0,61.1734698000364,,,,,,,,,5,61.164039300056174,61.1734698000364,61.1734698000364,0.018696699989959598,63.247569400118664,[np.float64(0.4558333333333333)],[np.float64(-0.305)],[1],[0],[0],[2.1016480000689626],['target'],,,,,3,001,2025-10-02_18h59.24.622,visual search,,2025.1.1,59.95261345642845,2025-10-02 18h59.30.204727 +0530,
38,0,38,[np.float64(-0.3541666666666667)],[np.float64(-0.008333333333333333)],[1],[0],[0],[1.9946227001491934],['target'],38,0,38,0,63.301251200027764,,,,,,,,,10,63.28893220005557,63.301251200027764,63.301251200027764,0.041195099940523505,65.24285900010727,[np.float64(-0.3541666666666667)],[np.float64(-0.008333333333333333)],[1],[0],[0],[1.9946227001491934],['target'],,,,,3,001,2025-10-02_18h59.24.622,visual search,,2025.1.1,59.95261345642845,2025-10-02 18h59.30.204727 +0530,
39,0,39,[np.float64(0.1925)],[np.float64(-0.2275)],[1],[0],[0],[1.2855827999301255],['target'],39,0,39,0,65.27025280008093,,,,,,,,,5,65.26242030016147,65.27025280008093,65.27025280008093,0.019178299931809306,66.52945320005529,[np.float64(0.1925)],[np.float64(-0.2275)],[1],[0],[0],[1.2855827999301255],['target'],,,,,3,001,2025-10-02_18h59.24.622,visual search,,2025.1.1,59.95261345642845,2025-10-02 18h59.30.204727 +0530,
40,0,40,[np.float64(0.37)],[np.float64(0.3875)],[1],[0],[0],[1.6479448999743909],['target'],40,0,40,0,66.5519441999495,,,,,,,,,5,66.54446140001528,66.5519441999495,66.5519441999495,0.01484000007621944,68.17813110002317,[np.float64(0.37)],[np.float64(0.3875)],[1],[0],[0],[1.6479448999743909],['target'],,,,,3,001,2025-10-02_18h59.24.622,visual search,,2025.1.1,59.95261345642845,2025-10-02 18h59.30.204727 +0530,
41,0,41,[np.float64(-0.2941666666666667)],[np.float64(0.2808333333333333)],[1],[0],[0],[1.429960299981758],['target'],41,0,41,0,68.20239410013892,,,,,,,,,5,68.19407890015282,68.20239410013892,68.20239410013892,0.015727399848401546,69.60888150008395,[np.float64(-0.2941666666666667)],[np.float64(0.2808333333333333)],[1],[0],[0],[1.429960299981758],['target'],,,,,3,001,2025-10-02_18h59.24.622,visual search,,2025.1.1,59.95261345642845,2025-10-02 18h59.30.204727 +0530,
42,0,42,[np.float64(-0.06916666666666667)],[np.float64(-0.2633333333333333)],[1],[0],[0],[1.3013188999611884],['target'],42,0,42,0,69.65076760016382,,,,,,,,,10,69.63954300014302,69.65076760016382,69.65076760016382,0.030464000068604946,70.91098020016216,[np.float64(-0.06916666666666667)],[np.float64(-0.2633333333333333)],[1],[0],[0],[1.3013188999611884],['target'],,,,,3,001,2025-10-02_18h59.24.622,visual search,,2025.1.1,59.95261345642845,2025-10-02 18h59.30.204727 +0530,
43,0,43,[np.float64(-0.31666666666666665)],[np.float64(0.385)],[1],[0],[0],[1.5722113999072462],['target'],43,0,43,0,70.93831050000153,,,,,,,,,5,70.92926879995503,70.93831050000153,70.93831050000153,0.018061399925500154,72.48398130014539,[np.float64(-0.31666666666666665)],[np.float64(0.385)],[1],[0],[0],[1.5722113999072462],['target'],,,,,3,001,2025-10-02_18h59.24.622,visual search,,2025.1.1,59.95261345642845,2025-10-02 18h59.30.204727 +0530,
44,0,44,[np.float64(-0.4191666666666667)],[np.float64(0.2175)],[1],[0],[0],[1.0782166998833418],['target'],44,0,44,0,72.53044640016742,,,,,,,,,10,72.51820809999481,72.53044640016742,72.53044640016742,0.034067200031131506,73.56285149999894,[np.float64(-0.4191666666666667)],[np.float64(0.2175)],[1],[0],[0],[1.0782166998833418],['target'],,,,,3,001,2025-10-02_18h59.24.622,visual search,,2025.1.1,59.95261345642845,2025-10-02 18h59.30.204727 +0530,
45,0,45,[np.float64(0.4083333333333333)],[np.float64(-0.28)],[1],[0],[0],[2.3965419998858124],['target'],45,0,45,0,73.60957120009698,,,,,,,,,10,73.5972884001676,73.60957120009698,73.60957120009698,0.034172300016507506,75.96035600011237,[np.float64(0.4083333333333333)],[np.float64(-0.28)],[1],[0],[0],[2.3965419998858124],['target'],,,,,3,001,2025-10-02_18h59.24.622,visual search,,2025.1.1,59.95261345642845,2025-10-02 18h59.30.204727 +0530,
46,0,46,[np.float64(-0.505)],[np.float64(-0.2475)],[1],[0],[0],[1.2663111998699605],['target'],46,0,46,0,75.98907859995961,,,,,,,,,5,75.98014879995026,75.98907859995961,75.98907859995961,0.01904739998281002,77.22872949996963,[np.float64(-0.505)],[np.float64(-0.2475)],[1],[0],[0],[1.2663111998699605],['target'],,,,,3,001,2025-10-02_18h59.24.622,visual search,,2025.1.1,59.95261345642845,2025-10-02 18h59.30.204727 +0530,
47,0,47,[np.float64(-0.004166666666666667)],[np.float64(0.245)],[1],[0],[0],[1.3335835998877883],['target'],47,0,47,0,77.25741830002517,,,,,,,,,5,77.2479703000281,77.25741830002517,77.25741830002517,0.019068599911406636,78.56301779998466,[np.float64(-0.004166666666666667)],[np.float64(0.245)],[1],[0],[0],[1.3335835998877883],['target'],,,,,3,001,2025-10-02_18h59.24.622,visual search,,2025.1.1,59.95261345642845,2025-10-02 18h59.30.204727 +0530,
48,0,48,[np.float64(0.2833333333333333)],[np.float64(-0.4816666666666667)],[1],[0],[0],[1.65047170012258],['target'],48,0,48,0,78.61026079999283,,,,,,,,,10,78.5975616001524,78.61026079999283,78.61026079999283,0.034280600026249886,80.21436220011674,[np.float64(0.2833333333333333)],[np.float64(-0.4816666666666667)],[1],[0],[0],[1.65047170012258],['target'],,,,,3,001,2025-10-02_18h59.24.622,visual search,,2025.1.1,59.95261345642845,2025-10-02 18h59.30.204727 +0530,
49,0,49,[np.float64(0.11083333333333334)],[np.float64(-0.18583333333333332)],[1],[0],[0],[1.0302106000017375],['target'],49,0,49,0,80.23988769995049,,,,,,,,,5,80.23069480014965,80.23988769995049,80.23988769995049,0.016074500046670437,81.24539560009725,[np.float64(0.11083333333333334)],[np.float64(-0.18583333333333332)],[1],[0],[0],[1.0302106000017375],['target'],,,,,3,001,2025-10-02_18h59.24.622,visual search,,2025.1.1,59.95261345642845,2025-10-02 18h59.30.204727 +0530,
50,0,50,[np.float64(0.1375)],[np.float64(0.08333333333333333)],[1],[0],[0],[1.2499641999602318],['target'],50,0,50,0,81.27339830016717,,,,,,,,,5,81.26479210006073,81.27339830016717,81.27339830016717,0.0192095001693815,82.49614150007255,[np.float64(0.1375)],[np.float64(0.08333333333333333)],[1],[0],[0],[1.2499641999602318],['target'],,,,,3,001,2025-10-02_18h59.24.622,visual search,,2025.1.1,59.95261345642845,2025-10-02 18h59.30.204727 +0530,
51,0,51,[np.float64(-0.145)],[np.float64(0.015833333333333335)],[1],[0],[0],[0.9849314000457525],['target'],51,0,51,0,82.52086489996873,,,,,,,,,5,82.51304100011475,82.52086489996873,82.52086489996873,0.01655850000679493,83.48205960006453,[np.float64(-0.145)],[np.float64(0.015833333333333335)],[1],[0],[0],[0.9849314000457525],['target'],,,,,3,001,2025-10-02_18h59.24.622,visual search,,2025.1.1,59.95261345642845,2025-10-02 18h59.30.204727 +0530,
52,0,52,[np.float64(-0.1725)],[np.float64(0.13166666666666665)],[1],[0],[0],[1.6935147000476718],['target'],52,0,52,0,83.52792040002532,,,,,,,,,10,83.51381359994411,83.52792040002532,83.52792040002532,0.03160929982550442,85.1762457001023,[np.float64(-0.1725)],[np.float64(0.13166666666666665)],[1],[0],[0],[1.6935147000476718],['target'],,,,,3,001,2025-10-02_18h59.24.622,visual search,,2025.1.1,59.95261345642845,2025-10-02 18h59.30.204727 +0530,
53,0,53,[np.float64(0.06916666666666667)],[np.float64(0.36833333333333335)],[1],[0],[0],[2.2190417998936027],['target'],53,0,53,0,85.22417649999261,,,,,,,,,10,85.21167760016397,85.22417649999261,85.22417649999261,0.03510370012372732,87.39647090015933,[np.float64(0.06916666666666667)],[np.float64(0.36833333333333335)],[1],[0],[0],[2.2190417998936027],['target'],,,,,3,001,2025-10-02_18h59.24.622,visual search,,2025.1.1,59.95261345642845,2025-10-02 18h59.30.204727 +0530,
54,0,54,[np.float64(-0.09083333333333334)],[np.float64(0.10166666666666667)],[1],[0],[0],[3.645740899955854],['target'],54,0,54,0,87.44084589998238,,,,,,,,,10,87.42850439995527,87.44084589998238,87.44084589998238,0.03179939999245107,91.04304630006664,[np.float64(-0.09083333333333334)],[np.float64(0.10166666666666667)],[1],[0],[0],[3.645740899955854],['target'],,,,,3,001,2025-10-02_18h59.24.622,visual search,,2025.1.1,59.95261345642845,2025-10-02 18h59.30.204727 +0530,
55,0,55,"[np.float64(0.4475), np.float64(0.45916666666666667)]","[np.float64(-0.375), np.float64(-0.385)]","[1, 1]","[0, 0]","[0, 0]","[1.664868599968031, 2.4808237000834197]","[None, 'target']",55,0,55,0,91.069596900139,,,,,,,,,5,91.06146800005808,91.069596900139,91.069596900139,0.01802919991314411,93.52517589996569,"[np.float64(0.4475), np.float64(0.45916666666666667)]","[np.float64(-0.375), np.float64(-0.385)]","[1, 1]","[0, 0]","[0, 0]","[1.664868599968031, 2.4808237000834197]","[None, 'target']",,,,,3,001,2025-10-02_18h59.24.622,visual search,,2025.1.1,59.95261345642845,2025-10-02 18h59.30.204727 +0530,
56,0,56,[np.float64(0.2525)],[np.float64(0.37083333333333335)],[1],[0],[0],[1.717099400004372],['target'],56,0,56,0,93.56801130017266,,,,,,,,,10,93.55607239995152,93.56801130017266,93.56801130017266,0.030575399985536933,95.24326390004717,[np.float64(0.2525)],[np.float64(0.37083333333333335)],[1],[0],[0],[1.717099400004372],['target'],,,,,3,001,2025-10-02_18h59.24.622,visual search,,2025.1.1,59.95261345642845,2025-10-02 18h59.30.204727 +0530,
57,0,57,[np.float64(0.0175)],[np.float64(0.36083333333333334)],[1],[0],[0],[1.1143423998728395],['target'],57,0,57,0,95.2678070999682,,,,,,,,,5,95.25915900012478,95.2678070999682,95.2678070999682,0.015641700010746717,96.35847540013492,[np.float64(0.0175)],[np.float64(0.36083333333333334)],[1],[0],[0],[1.1143423998728395],['target'],,,,,3,001,2025-10-02_18h59.24.622,visual search,,2025.1.1,59.95261345642845,2025-10-02 18h59.30.204727 +0530,
58,0,58,[np.float64(0.3125)],[np.float64(-0.3975)],[1],[0],[0],[1.499484600033611],['target'],58,0,58,0,96.38596189999953,,,,,,,,,5,96.37706400011666,96.38596189999953,96.38596189999953,0.018328299978747964,97.85889829997905,[np.float64(0.3125)],[np.float64(-0.3975)],[1],[0],[0],[1.499484600033611],['target'],,,,,3,001,2025-10-02_18h59.24.622,visual search,,2025.1.1,59.95261345642845,2025-10-02 18h59.30.204727 +0530,
59,0,59,[np.float64(0.25416666666666665)],[np.float64(-0.14833333333333334)],[1],[0],[0],[1.5174657001625746],['target'],59,0,59,0,97.88262609997764,,,,,,,,,5,97.87461880012415,97.88262609997764,97.88262609997764,0.015534699894487858,99.37706430000253,[np.float64(0.25416666666666665)],[np.float64(-0.14833333333333334)],[1],[0],[0],[1.5174657001625746],['target'],,,,,3,001,2025-10-02_18h59.24.622,visual search,,2025.1.1,59.95261345642845,2025-10-02 18h59.30.204727 +0530,
60,0,60,"[np.float64(-0.006666666666666667), np.float64(0.0025), np.float64(0.016666666666666666)]","[np.float64(-0.4875), np.float64(-0.4975), np.float64(-0.019166666666666665)]","[1, 1, 1]","[0, 0, 0]","[0, 0, 0]","[3.765016800025478, 4.901591999921948, 8.165908900089562]","[None, None, 'target']",60,0,60,0,99.41713319998235,,,,,,,,,10,99.40553979994729,99.41713319998235,99.41713319998235,0.028305100044235587,107.54364970000461,"[np.float64(-0.006666666666666667), np.float64(0.0025), np.float64(0.016666666666666666)]","[np.float64(-0.4875), np.float64(-0.4975), np.float64(-0.019166666666666665)]","[1, 1, 1]","[0, 0, 0]","[0, 0, 0]","[3.765016800025478, 4.901591999921948, 8.165908900089562]","[None, None, 'target']",,,,,3,001,2025-10-02_18h59.24.622,visual search,,2025.1.1,59.95261345642845,2025-10-02 18h59.30.204727 +0530,
61,0,61,[np.float64(-0.2941666666666667)],[np.float64(-0.05583333333333333)],[1],[0],[0],[1.1817250000312924],['target'],61,0,61,0,107.56794720003381,,,,,,,,,5,107.56034249998629,107.56794720003381,107.56794720003381,0.016429899958893657,108.72618360002525,[np.float64(-0.2941666666666667)],[np.float64(-0.05583333333333333)],[1],[0],[0],[1.1817250000312924],['target'],,,,,3,001,2025-10-02_18h59.24.622,visual search,,2025.1.1,59.95261345642845,2025-10-02 18h59.30.204727 +0530,
62,0,62,[np.float64(-0.30666666666666664)],[np.float64(0.2875)],[1],[0],[0],[1.9655828999821097],['target'],62,0,62,0,108.77330180001445,,,,,,,,,10,108.76153140002862,108.77330180001445,108.77330180001445,0.03505019983276725,110.69273450016044,[np.float64(-0.30666666666666664)],[np.float64(0.2875)],[1],[0],[0],[1.9655828999821097],['target'],,,,,3,001,2025-10-02_18h59.24.622,visual search,,2025.1.1,59.95261345642845,2025-10-02 18h59.30.204727 +0530,
63,0,63,[np.float64(0.3333333333333333)],[np.float64(-0.44)],[1],[0],[0],[50.545625699916855],['target'],63,0,63,0,110.7171767000109,,,,,,,,,5,110.70965880015865,110.7171767000109,110.7171767000109,0.01667849998921156,161.23919710004702,[np.float64(0.3333333333333333)],[np.float64(-0.44)],[1],[0],[0],[50.545625699916855],['target'],,,,,3,001,2025-10-02_18h59.24.622,visual search,,2025.1.1,59.95261345642845,2025-10-02 18h59.30.204727 +0530,
64,0,64,[np.float64(0.0033333333333333335)],[np.float64(-0.1075)],[1],[0],[0],[1.3975857000332326],['target'],64,0,64,0,161.26430510007776,,,,,,,,,5,161.2558918001596,161.26430510007776,161.26430510007776,0.016450600000098348,162.63770140009,[np.float64(0.0033333333333333335)],[np.float64(-0.1075)],[1],[0],[0],[1.3975857000332326],['target'],,,,,3,001,2025-10-02_18h59.24.622,visual search,,2025.1.1,59.95261345642845,2025-10-02 18h59.30.204727 +0530,
65,0,65,[np.float64(-0.22083333333333333)],[np.float64(0.06166666666666667)],[1],[0],[0],[1.0188321000896394],['target'],65,0,65,0,162.68341840012,,,,,,,,,10,162.66979159996845,162.68341840012,162.68341840012,0.031814200105145574,163.65740710007958,[np.float64(-0.22083333333333333)],[np.float64(0.06166666666666667)],[1],[0],[0],[1.0188321000896394],['target'],,,,,3,001,2025-10-02_18h59.24.622,visual search,,2025.1.1,59.95261345642845,2025-10-02 18h59.30.204727 +0530,
66,0,66,[np.float64(0.3983333333333333)],[np.float64(-0.38333333333333336)],[1],[0],[0],[1.6628406001254916],['target'],66,0,66,0,163.70627810014412,,,,,,,,,10,163.6928656999953,163.70627810014412,163.70627810014412,0.035200499929487705,165.32105490006506,[np.float64(0.3983333333333333)],[np.float64(-0.38333333333333336)],[1],[0],[0],[1.6628406001254916],['target'],,,,,3,001,2025-10-02_18h59.24.622,visual search,,2025.1.1,59.95261345642845,2025-10-02 18h59.30.204727 +0530,
67,0,67,[np.float64(0.2708333333333333)],[np.float64(0.1925)],[1],[0],[0],[1.7520449999719858],['target'],67,0,67,0,165.36292690015398,,,,,,,,,10,165.35068350005895,165.36292690015398,165.36292690015398,0.02935179998166859,167.07395200012252,[np.float64(0.2708333333333333)],[np.float64(0.1925)],[1],[0],[0],[1.7520449999719858],['target'],,,,,3,001,2025-10-02_18h59.24.622,visual search,,2025.1.1,59.95261345642845,2025-10-02 18h59.30.204727 +0530,
68,0,68,[np.float64(0.08083333333333333)],[np.float64(0.03333333333333333)],[1],[0],[0],[1.0968937000725418],['target'],68,0,68,0,167.0992062999867,,,,,,,,,5,167.0904681000393,167.0992062999867,167.0992062999867,0.016279800096526742,168.17160610016435,[np.float64(0.08083333333333333)],[np.float64(0.03333333333333333)],[1],[0],[0],[1.0968937000725418],['target'],,,,,3,001,2025-10-02_18h59.24.622,visual search,,2025.1.1,59.95261345642845,2025-10-02 18h59.30.204727 +0530,
69,0,69,[np.float64(-0.32)],[np.float64(0.15333333333333332)],[1],[0],[0],[2.650147199863568],['target'],69,0,69,0,168.22095090011135,,,,,,,,,10,168.20764799998142,168.22095090011135,168.22095090011135,0.03589519998058677,170.82239169999957,[np.float64(-0.32)],[np.float64(0.15333333333333332)],[1],[0],[0],[2.650147199863568],['target'],,,,,3,001,2025-10-02_18h59.24.622,visual search,,2025.1.1,59.95261345642845,2025-10-02 18h59.30.204727 +0530,
70,0,70,[np.float64(-0.2225)],[np.float64(-0.37833333333333335)],[1],[0],[0],[1.5344996999483556],['target'],70,0,70,0,170.8652868999634,,,,,,,,,10,170.85262520005926,170.8652868999634,170.8652868999634,0.030006200075149536,172.35765330004506,[np.float64(-0.2225)],[np.float64(-0.37833333333333335)],[1],[0],[0],[1.5344996999483556],['target'],,,,,3,001,2025-10-02_18h59.24.622,visual search,,2025.1.1,59.95261345642845,2025-10-02 18h59.30.204727 +0530,
71,0,71,[np.float64(0.325)],[np.float64(-0.345)],[1],[0],[0],[1.3799077000003308],['target'],71,0,71,0,172.3814141000621,,,,,,,,,5,172.37311640009284,172.3814141000621,172.3814141000621,0.01523829996585846,173.73834759998135,[np.float64(0.325)],[np.float64(-0.345)],[1],[0],[0],[1.3799077000003308],['target'],,,,,3,001,2025-10-02_18h59.24.622,visual search,,2025.1.1,59.95261345642845,2025-10-02 18h59.30.204727 +0530,
72,0,72,[np.float64(0.029166666666666667)],[np.float64(-0.024166666666666666)],[1],[0],[0],[2.4982594000175595],['target'],72,0,72,0,173.78154970007017,,,,,,,,,10,173.7691641000565,173.78154970007017,173.78154970007017,0.03047659993171692,176.2377077001147,[np.float64(0.029166666666666667)],[np.float64(-0.024166666666666666)],[1],[0],[0],[2.4982594000175595],['target'],,,,,3,001,2025-10-02_18h59.24.622,visual search,,2025.1.1,59.95261345642845,2025-10-02 18h59.30.204727 +0530,
73,0,73,[np.float64(0.03333333333333333)],[np.float64(0.22583333333333333)],[1],[0],[0],[1.469346099998802],['target'],73,0,73,0,176.26250890013762,,,,,,,,,5,176.25443960004486,176.26250890013762,176.26250890013762,0.016387299867346883,177.70815060008317,[np.float64(0.03333333333333333)],[np.float64(0.22583333333333333)],[1],[0],[0],[1.469346099998802],['target'],,,,,3,001,2025-10-02_18h59.24.622,visual search,,2025.1.1,59.95261345642845,2025-10-02 18h59.30.204727 +0530,
74,0,74,[np.float64(-0.28583333333333333)],[np.float64(-0.4766666666666667)],[1],[0],[0],[2.1969121999572963],['target'],74,0,74,0,177.73402140010148,,,,,,,,,5,177.72393390000798,177.73402140010148,177.73402140010148,0.015575200086459517,179.90585850016214,[np.float64(-0.28583333333333333)],[np.float64(-0.4766666666666667)],[1],[0],[0],[2.1969121999572963],['target'],,,,,3,001,2025-10-02_18h59.24.622,visual search,,2025.1.1,59.95261345642845,2025-10-02 18h59.30.204727 +0530,
75,0,75,[np.float64(0.43416666666666665)],[np.float64(-0.195)],[1],[0],[0],[1.8307324999477714],['target'],75,0,75,0,179.93173080007546,,,,,,,,,5,179.92388130002655,179.93173080007546,179.93173080007546,0.017765199998393655,181.7375201000832,[np.float64(0.43416666666666665)],[np.float64(-0.195)],[1],[0],[0],[1.8307324999477714],['target'],,,,,3,001,2025-10-02_18h59.24.622,visual search,,2025.1.1,59.95261345642845,2025-10-02 18h59.30.204727 +0530,
76,0,76,[np.float64(0.035)],[np.float64(0.365)],[1],[0],[0],[2.1515371000859886],['target'],76,0,76,0,181.7635596001055,,,,,,,,,5,181.75542300008237,181.7635596001055,181.7635596001055,0.017609599977731705,183.89011829998344,[np.float64(0.035)],[np.float64(0.365)],[1],[0],[0],[2.1515371000859886],['target'],,,,,3,001,2025-10-02_18h59.24.622,visual search,,2025.1.1,59.95261345642845,2025-10-02 18h59.30.204727 +0530,
77,0,77,[np.float64(-0.12)],[np.float64(0.19416666666666665)],[1],[0],[0],[1.2967360999900848],['target'],77,0,77,0,183.91717520006932,,,,,,,,,5,183.90843950002454,183.91717520006932,183.91717520006932,0.018068299861624837,185.18785830005072,[np.float64(-0.12)],[np.float64(0.19416666666666665)],[1],[0],[0],[1.2967360999900848],['target'],,,,,3,001,2025-10-02_18h59.24.622,visual search,,2025.1.1,59.95261345642845,2025-10-02 18h59.30.204727 +0530,
78,0,78,[np.float64(-0.05)],[np.float64(-0.24166666666666667)],[1],[0],[0],[1.6846811999566853],['target'],78,0,78,0,185.21607700013556,,,,,,,,,5,185.20712670008652,185.21607700013556,185.21607700013556,0.01892409985885024,186.87364410003647,[np.float64(-0.05)],[np.float64(-0.24166666666666667)],[1],[0],[0],[1.6846811999566853],['target'],,,,,3,001,2025-10-02_18h59.24.622,visual search,,2025.1.1,59.95261345642845,2025-10-02 18h59.30.204727 +0530,
79,0,79,[np.float64(0.22416666666666665)],[np.float64(-0.009166666666666667)],[1],[0],[0],[1.247240399941802],['target'],79,0,79,0,186.91565220011398,,,,,,,,,10,186.90372600010596,186.91565220011398,186.91565220011398,0.029881899943575263,188.12168890004978,[np.float64(0.22416666666666665)],[np.float64(-0.009166666666666667)],[1],[0],[0],[1.247240399941802],['target'],,,,,3,001,2025-10-02_18h59.24.622,visual search,,2025.1.1,59.95261345642845,2025-10-02 18h59.30.204727 +0530,
80,0,80,[np.float64(-0.38166666666666665)],[np.float64(0.11083333333333334)],[1],[0],[0],[1.9817454000003636],['target'],80,0,80,0,188.16812869999558,,,,,,,,,10,188.1540345000103,188.16812869999558,188.16812869999558,0.032120299991220236,190.1042973001022,[np.float64(-0.38166666666666665)],[np.float64(0.11083333333333334)],[1],[0],[0],[1.9817454000003636],['target'],,,,,3,001,2025-10-02_18h59.24.622,visual search,,2025.1.1,59.95261345642845,2025-10-02 18h59.30.204727 +0530,
81,0,81,[np.float64(0.325)],[np.float64(-0.09333333333333334)],[1],[0],[0],[1.5505663000512868],['target'],81,0,81,0,190.1310775000602,,,,,,,,,5,190.12204010016285,190.1310775000602,190.1310775000602,0.017395300092175603,191.65593170002103,[np.float64(0.325)],[np.float64(-0.09333333333333334)],[1],[0],[0],[1.5505663000512868],['target'],,,,,3,001,2025-10-02_18h59.24.622,visual search,,2025.1.1,59.95261345642845,2025-10-02 18h59.30.204727 +0530,
82,0,82,[np.float64(0.44666666666666666)],[np.float64(0.30083333333333334)],[1],[0],[0],[1.3823510999791324],['target'],82,0,82,0,191.69971420010552,,,,,,,,,10,191.68648770009167,191.69971420010552,191.69971420010552,0.030332399997860193,193.0391140000429,[np.float64(0.44666666666666666)],[np.float64(0.30083333333333334)],[1],[0],[0],[1.3823510999791324],['target'],,,,,3,001,2025-10-02_18h59.24.622,visual search,,2025.1.1,59.95261345642845,2025-10-02 18h59.30.204727 +0530,
83,0,83,[np.float64(0.010833333333333334)],[np.float64(0.22666666666666666)],[1],[0],[0],[1.3990484999958426],['target'],83,0,83,0,193.07942670001648,,,,,,,,,10,193.068059500074,193.07942670001648,193.07942670001648,0.028723299968987703,194.43890150007792,[np.float64(0.010833333333333334)],[np.float64(0.22666666666666666)],[1],[0],[0],[1.3990484999958426],['target'],,,,,3,001,2025-10-02_18h59.24.622,visual search,,2025.1.1,59.95261345642845,2025-10-02 18h59.30.204727 +0530,
84,0,84,[np.float64(-0.12916666666666668)],[np.float64(-0.47333333333333333)],[1],[0],[0],[2.797947300132364],['target'],84,0,84,0,194.4790287001524,,,,,,,,,10,194.4673019000329,194.4790287001524,194.4790287001524,0.028169600060209632,197.2376381000504,[np.float64(-0.12916666666666668)],[np.float64(-0.47333333333333333)],[1],[0],[0],[2.797947300132364],['target'],,,,,3,001,2025-10-02_18h59.24.622,visual search,,2025.1.1,59.95261345642845,2025-10-02 18h59.30.204727 +0530,
85,0,85,[np.float64(0.028333333333333332)],[np.float64(0.2975)],[1],[0],[0],[1.9529915999155492],['target'],85,0,85,0,197.28310760017484,,,,,,,,,10,197.26888040010817,197.28310760017484,197.28310760017484,0.030981100164353848,199.19148420006968,[np.float64(0.028333333333333332)],[np.float64(0.2975)],[1],[0],[0],[1.9529915999155492],['target'],,,,,3,001,2025-10-02_18h59.24.622,visual search,,2025.1.1,59.95261345642845,2025-10-02 18h59.30.204727 +0530,
86,0,86,[np.float64(0.42583333333333334)],[np.float64(-0.41083333333333333)],[1],[0],[0],[1.546957500046119],['target'],86,0,86,0,199.21185510000214,,,,,,,,,5,199.20649500004947,199.21185510000214,199.21185510000214,0.014734699856489897,200.73929219995625,[np.float64(0.42583333333333334)],[np.float64(-0.41083333333333333)],[1],[0],[0],[1.546957500046119],['target'],,,,,3,001,2025-10-02_18h59.24.622,visual search,,2025.1.1,59.95261345642845,2025-10-02 18h59.30.204727 +0530,
87,0,87,[np.float64(-0.175)],[np.float64(-0.1675)],[1],[0],[0],[1.2664807999972254],['target'],87,0,87,0,200.75975370011292,,,,,,,,,5,200.75374440010637,200.75975370011292,200.75975370011292,0.01425600005313754,202.00647380016744,[np.float64(-0.175)],[np.float64(-0.1675)],[1],[0],[0],[1.2664807999972254],['target'],,,,,3,001,2025-10-02_18h59.24.622,visual search,,2025.1.1,59.95261345642845,2025-10-02 18h59.30.204727 +0530,
88,0,88,[np.float64(-0.0975)],[np.float64(-0.26916666666666667)],[1],[0],[0],[1.1149416000116616],['target'],88,0,88,0,202.03950600000098,,,,,,,,,10,202.0308654999826,202.03950600000098,202.03950600000098,0.024202300002798438,203.12212559999898,[np.float64(-0.0975)],[np.float64(-0.26916666666666667)],[1],[0],[0],[1.1149416000116616],['target'],,,,,3,001,2025-10-02_18h59.24.622,visual search,,2025.1.1,59.95261345642845,2025-10-02 18h59.30.204727 +0530,
89,0,89,[np.float64(0.043333333333333335)],[np.float64(-0.25666666666666665)],[1],[0],[0],[1.1657606000080705],['target'],89,0,89,0,203.1447116001509,,,,,,,,,5,203.13924150005914,203.1447116001509,203.1447116001509,0.016775300027802587,204.28885440016165,[np.float64(0.043333333333333335)],[np.float64(-0.25666666666666665)],[1],[0],[0],[1.1657606000080705],['target'],,,,,3,001,2025-10-02_18h59.24.622,visual search,,2025.1.1,59.95261345642845,2025-10-02 18h59.30.204727 +0530,
90,0,90,[np.float64(0.45166666666666666)],[np.float64(0.4525)],[1],[0],[0],[1.8298209998756647],['target'],90,0,90,0,204.31765840016305,,,,,,,,,5,204.30886110011488,204.31765840016305,204.31765840016305,0.01980899996124208,206.11951620015316,[np.float64(0.45166666666666666)],[np.float64(0.4525)],[1],[0],[0],[1.8298209998756647],['target'],,,,,3,001,2025-10-02_18h59.24.622,visual search,,2025.1.1,59.95261345642845,2025-10-02 18h59.30.204727 +0530,
91,0,91,[np.float64(-0.1)],[np.float64(-0.0275)],[1],[0],[0],[3.2360283001326025],['target'],91,0,91,0,206.14675520011224,,,,,,,,,5,206.1374546000734,206.14675520011224,206.14675520011224,0.01764269988052547,209.35647250013426,[np.float64(-0.1)],[np.float64(-0.0275)],[1],[0],[0],[3.2360283001326025],['target'],,,,,3,001,2025-10-02_18h59.24.622,visual search,,2025.1.1,59.95261345642845,2025-10-02 18h59.30.204727 +0530,
92,0,92,[np.float64(-0.3308333333333333)],[np.float64(0.0033333333333333335)],[1],[0],[0],[2.5671418998390436],['target'],92,0,92,0,209.38637860002927,,,,,,,,,5,209.37671090010554,209.38637860002927,209.38637860002927,0.01909319986589253,211.92530909995548,[np.float64(-0.3308333333333333)],[np.float64(0.0033333333333333335)],[1],[0],[0],[2.5671418998390436],['target'],,,,,3,001,2025-10-02_18h59.24.622,visual search,,2025.1.1,59.95261345642845,2025-10-02 18h59.30.204727 +0530,
93,0,93,[np.float64(-0.4033333333333333)],[np.float64(0.18166666666666667)],[1],[0],[0],[1.1304263998754323],['target'],93,0,93,0,211.9512553999666,,,,,,,,,5,211.94219920015894,211.9512553999666,211.9512553999666,0.01669640000909567,213.05650890013203,[np.float64(-0.4033333333333333)],[np.float64(0.18166666666666667)],[1],[0],[0],[1.1304263998754323],['target'],,,,,3,001,2025-10-02_18h59.24.622,visual search,,2025.1.1,59.95261345642845,2025-10-02 18h59.30.204727 +0530,
94,0,94,[np.float64(0.15583333333333332)],[np.float64(-0.45916666666666667)],[1],[0],[0],[1.313459699973464],['target'],94,0,94,0,213.08682189998217,,,,,,,,,5,213.0752894000616,213.08682189998217,213.08682189998217,0.018553599948063493,214.37087810016237,[np.float64(0.15583333333333332)],[np.float64(-0.45916666666666667)],[1],[0],[0],[1.313459699973464],['target'],,,,,3,001,2025-10-02_18h59.24.622,visual search,,2025.1.1,59.95261345642845,2025-10-02 18h59.30.204727 +0530,
95,0,95,[np.float64(0.225)],[np.float64(-0.1175)],[1],[0],[0],[1.512093500001356],['target'],95,0,95,0,214.41141230007634,,,,,,,,,5,214.3980171000585,214.41141230007634,214.41141230007634,0.026299199787899852,215.88446300011128,[np.float64(0.225)],[np.float64(-0.1175)],[1],[0],[0],[1.512093500001356],['target'],,,,,3,001,2025-10-02_18h59.24.622,visual search,,2025.1.1,59.95261345642845,2025-10-02 18h59.30.204727 +0530,
96,0,96,[np.float64(0.36833333333333335)],[np.float64(0.39)],[1],[0],[0],[2.1191098000854254],['target'],96,0,96,0,215.89984700013883,,,,,,,,,5,215.89388720015995,215.89984700013883,215.89984700013883,0.009335299953818321,218.00400600000285,[np.float64(0.36833333333333335)],[np.float64(0.39)],[1],[0],[0],[2.1191098000854254],['target'],,,,,3,001,2025-10-02_18h59.24.622,visual search,,2025.1.1,59.95261345642845,2025-10-02 18h59.30.204727 +0530,
97,0,97,[np.float64(-0.065)],[np.float64(0.04)],[1],[0],[0],[1.0988418001215905],['target'],97,0,97,0,218.0368815001566,,,,,,,,,10,218.0282253001351,218.0368815001566,218.0368815001566,0.02404950000345707,219.10343170003034,[np.float64(-0.065)],[np.float64(0.04)],[1],[0],[0],[1.0988418001215905],['target'],,,,,3,001,2025-10-02_18h59.24.622,visual search,,2025.1.1,59.95261345642845,2025-10-02 18h59.30.204727 +0530,
98,0,98,[np.float64(-0.030833333333333334)],[np.float64(0.13333333333333333)],[1],[0],[0],[0.8812971999868751],['target'],98,0,98,0,219.13823850010522,,,,,,,,,10,219.12862500012852,219.13823850010522,219.13823850010522,0.02500350004993379,219.98535580001771,[np.float64(-0.030833333333333334)],[np.float64(0.13333333333333333)],[1],[0],[0],[0.8812971999868751],['target'],,,,,3,001,2025-10-02_18h59.24.622,visual search,,2025.1.1,59.95261345642845,2025-10-02 18h59.30.204727 +0530,
99,0,99,[np.float64(0.4791666666666667)],[np.float64(-0.035833333333333335)],[1],[0],[0],[1.3324007000774145],['target'],99,0,99,0,220.0060868000146,,,,,,,,,5,219.9996515000239,220.0060868000146,220.0060868000146,0.01406749989837408,221.31860859994777,[np.float64(0.4791666666666667)],[np.float64(-0.035833333333333335)],[1],[0],[0],[1.3324007000774145],['target'],,,,,3,001,2025-10-02_18h59.24.622,visual search,,2025.1.1,59.95261345642845,2025-10-02 18h59.30.204727 +0530,
100,0,100,[np.float64(-0.3475)],[np.float64(0.05416666666666667)],[1],[0],[0],[2.0862028999254107],['target'],100,0,100,0,221.35245839995332,,,,,,,,,10,221.34358810004778,221.35245839995332,221.35245839995332,0.02468080003745854,223.40576450014487,[np.float64(-0.3475)],[np.float64(0.05416666666666667)],[1],[0],[0],[2.0862028999254107],['target'],,,,,3,001,2025-10-02_18h59.24.622,visual search,,2025.1.1,59.95261345642845,2025-10-02 18h59.30.204727 +0530,
101,0,101,[np.float64(0.48583333333333334)],[np.float64(0.13916666666666666)],[1],[0],[0],[1.7622532001696527],['target'],101,0,101,0,223.43654420017265,,,,,,,,,10,223.42791249998845,223.43654420017265,223.43654420017265,0.021930700168013573,225.1687468001619,[np.float64(0.48583333333333334)],[np.float64(0.13916666666666666)],[1],[0],[0],[1.7622532001696527],['target'],,,,,3,001,2025-10-02_18h59.24.622,visual search,,2025.1.1,59.95261345642845,2025-10-02 18h59.30.204727 +0530,
102,0,102,[np.float64(0.30666666666666664)],[np.float64(0.13833333333333334)],[1],[0],[0],[3.070249499985948],['target'],102,0,102,0,225.21387410000898,,,,,,,,,10,225.20014020008966,225.21387410000898,225.21387410000898,0.031092700082808733,228.23993220017292,[np.float64(0.30666666666666664)],[np.float64(0.13833333333333334)],[1],[0],[0],[3.070249499985948],['target'],,,,,3,001,2025-10-02_18h59.24.622,visual search,,2025.1.1,59.95261345642845,2025-10-02 18h59.30.204727 +0530,
103,0,103,"[np.float64(0.22833333333333333), np.float64(-0.3675)]","[np.float64(-0.14666666666666667), np.float64(0.060833333333333336)]","[1, 1]","[0, 0]","[0, 0]","[1.2943943999707699, 2.431100699817762]","[None, 'target']",103,0,103,0,228.2843431001529,,,,,,,,,10,228.26986310002394,228.2843431001529,228.2843431001529,0.029695900157094002,230.67205450008623,"[np.float64(0.22833333333333333), np.float64(-0.3675)]","[np.float64(-0.14666666666666667), np.float64(0.060833333333333336)]","[1, 1]","[0, 0]","[0, 0]","[1.2943943999707699, 2.431100699817762]","[None, 'target']",,,,,3,001,2025-10-02_18h59.24.622,visual search,,2025.1.1,59.95261345642845,2025-10-02 18h59.30.204727 +0530,
104,0,104,[np.float64(0.455)],[np.float64(0.2966666666666667)],[1],[0],[0],[1.3674836999271065],['target'],104,0,104,0,230.6998718001414,,,,,,,,,5,230.69144900003448,230.6998718001414,230.6998718001414,0.01916579995304346,232.0402765001636,[np.float64(0.455)],[np.float64(0.2966666666666667)],[1],[0],[0],[1.3674836999271065],['target'],,,,,3,001,2025-10-02_18h59.24.622,visual search,,2025.1.1,59.95261345642845,2025-10-02 18h59.30.204727 +0530,
105,0,105,[np.float64(0.2675)],[np.float64(-0.3258333333333333)],[1],[0],[0],[1.494191600009799],['target'],105,0,105,0,232.06645120005123,,,,,,,,,5,232.05611820006743,232.06645120005123,232.06645120005123,0.015661099925637245,233.5352332999464,[np.float64(0.2675)],[np.float64(-0.3258333333333333)],[1],[0],[0],[1.494191600009799],['target'],,,,,3,001,2025-10-02_18h59.24.622,visual search,,2025.1.1,59.95261345642845,2025-10-02 18h59.30.204727 +0530,
106,0,106,[np.float64(0.2791666666666667)],[np.float64(0.05583333333333333)],[1],[0],[0],[1.2320266000460833],['target'],106,0,106,0,233.58490899996832,,,,,,,,,10,233.57150610000826,233.58490899996832,233.58490899996832,0.035931200021877885,234.76836370001547,[np.float64(0.2791666666666667)],[np.float64(0.05583333333333333)],[1],[0],[0],[1.2320266000460833],['target'],,,,,3,001,2025-10-02_18h59.24.622,visual search,,2025.1.1,59.95261345642845,2025-10-02 18h59.30.204727 +0530,
107,0,107,[np.float64(0.10083333333333333)],[np.float64(-0.2808333333333333)],[1],[0],[0],[1.4532331000082195],['target'],107,0,107,0,234.81109660002403,,,,,,,,,10,234.7988990000449,234.81109660002403,234.81109660002403,0.030155100161209702,236.2227119000163,[np.float64(0.10083333333333333)],[np.float64(-0.2808333333333333)],[1],[0],[0],[1.4532331000082195],['target'],,,,,3,001,2025-10-02_18h59.24.622,visual search,,2025.1.1,59.95261345642845,2025-10-02 18h59.30.204727 +0530,
108,0,108,[np.float64(0.10666666666666667)],[np.float64(0.12583333333333332)],[1],[0],[0],[1.4289104000199586],['target'],108,0,108,0,236.26489300001413,,,,,,,,,10,236.25174440001138,236.26489300001413,236.26489300001413,0.028813299955800176,237.6523979001213,[np.float64(0.10666666666666667)],[np.float64(0.12583333333333332)],[1],[0],[0],[1.4289104000199586],['target'],,,,,3,001,2025-10-02_18h59.24.622,visual search,,2025.1.1,59.95261345642845,2025-10-02 18h59.30.204727 +0530,
109,0,109,"[np.float64(0.11916666666666667), np.float64(0.13083333333333333)]","[np.float64(-0.145), np.float64(-0.1625)]","[1, 1]","[0, 0]","[0, 0]","[1.0364407999441028, 1.631966299843043]","[None, 'target']",109,0,109,0,237.69769520009868,,,,,,,,,10,237.6841858001426,237.69769520009868,237.69769520009868,0.03157500014640391,239.2852211999707,"[np.float64(0.11916666666666667), np.float64(0.13083333333333333)]","[np.float64(-0.145), np.float64(-0.1625)]","[1, 1]","[0, 0]","[0, 0]","[1.0364407999441028, 1.631966299843043]","[None, 'target']",,,,,3,001,2025-10-02_18h59.24.622,visual search,,2025.1.1,59.95261345642845,2025-10-02 18h59.30.204727 +0530,
110,0,110,[np.float64(-0.23833333333333334)],[np.float64(-0.45416666666666666)],[1],[0],[0],[2.2181777998339385],['target'],110,0,110,0,239.33845230005682,,,,,,,,,10,239.32209070003591,239.33845230005682,239.33845230005682,0.03647989989258349,241.50484970002435,[np.float64(-0.23833333333333334)],[np.float64(-0.45416666666666666)],[1],[0],[0],[2.2181777998339385],['target'],,,,,3,001,2025-10-02_18h59.24.622,visual search,,2025.1.1,59.95261345642845,2025-10-02 18h59.30.204727 +0530,
111,0,111,[np.float64(0.12416666666666666)],[np.float64(-0.48083333333333333)],[1],[0],[0],[1.3332194001413882],['target'],111,0,111,0,241.5306468999479,,,,,,,,,5,241.52121679997072,241.5306468999479,241.5306468999479,0.016097299987450242,242.83891199994832,[np.float64(0.12416666666666666)],[np.float64(-0.48083333333333333)],[1],[0],[0],[1.3332194001413882],['target'],,,,,3,001,2025-10-02_18h59.24.622,visual search,,2025.1.1,59.95261345642845,2025-10-02 18h59.30.204727 +0530,
112,0,112,[np.float64(-0.045)],[np.float64(-0.30916666666666665)],[1],[0],[0],[1.2649920999538153],['target'],112,0,112,0,242.88178099994548,,,,,,,,,10,242.86923360009678,242.88178099994548,242.88178099994548,0.030103500001132488,244.1047643001657,[np.float64(-0.045)],[np.float64(-0.30916666666666665)],[1],[0],[0],[1.2649920999538153],['target'],,,,,3,001,2025-10-02_18h59.24.622,visual search,,2025.1.1,59.95261345642845,2025-10-02 18h59.30.204727 +0530,
113,0,113,[np.float64(-0.3275)],[np.float64(-0.4891666666666667)],[1],[0],[0],[1.348741800058633],['target'],113,0,113,0,244.1352365000639,,,,,,,,,5,244.125071400078,244.1352365000639,244.1352365000639,0.019968000007793307,245.45449310005642,[np.float64(-0.3275)],[np.float64(-0.4891666666666667)],[1],[0],[0],[1.348741800058633],['target'],,,,,3,001,2025-10-02_18h59.24.622,visual search,,2025.1.1,59.95261345642845,2025-10-02 18h59.30.204727 +0530,
114,0,114,[np.float64(-0.48333333333333334)],[np.float64(-0.12)],[1],[0],[0],[1.2131584000308067],['target'],114,0,114,0,245.48409819998778,,,,,,,,,5,245.47415240015835,245.48409819998778,245.48409819998778,0.01947279996238649,246.66840750002302,[np.float64(-0.48333333333333334)],[np.float64(-0.12)],[1],[0],[0],[1.2131584000308067],['target'],,,,,3,001,2025-10-02_18h59.24.622,visual search,,2025.1.1,59.95261345642845,2025-10-02 18h59.30.204727 +0530,
115,0,115,[np.float64(0.15333333333333332)],[np.float64(-0.37833333333333335)],[1],[0],[0],[1.1854338999837637],['target'],115,0,115,0,246.7078556001652,,,,,,,,,5,246.69317029998638,246.7078556001652,246.7078556001652,0.024601600132882595,247.8545679000672,[np.float64(0.15333333333333332)],[np.float64(-0.37833333333333335)],[1],[0],[0],[1.1854338999837637],['target'],,,,,3,001,2025-10-02_18h59.24.622,visual search,,2025.1.1,59.95261345642845,2025-10-02 18h59.30.204727 +0530,
116,0,116,[np.float64(0.05333333333333334)],[np.float64(0.0325)],[1],[0],[0],[1.4329256999772042],['target'],116,0,116,0,247.8995265001431,,,,,,,,,10,247.88605340011418,247.8995265001431,247.8995265001431,0.031301100039854646,249.2882266000379,[np.float64(0.05333333333333334)],[np.float64(0.0325)],[1],[0],[0],[1.4329256999772042],['target'],,,,,3,001,2025-10-02_18h59.24.622,visual search,,2025.1.1,59.95261345642845,2025-10-02 18h59.30.204727 +0530,
117,0,117,[np.float64(0.25583333333333336)],[np.float64(0.29833333333333334)],[1],[0],[0],[1.1306616999208927],['target'],117,0,117,0,249.31375980004668,,,,,,,,,5,249.30438880017027,249.31375980004668,249.31375980004668,0.015966299921274185,250.41961680003442,[np.float64(0.25583333333333336)],[np.float64(0.29833333333333334)],[1],[0],[0],[1.1306616999208927],['target'],,,,,3,001,2025-10-02_18h59.24.622,visual search,,2025.1.1,59.95261345642845,2025-10-02 18h59.30.204727 +0530,
118,0,118,[np.float64(-0.12833333333333333)],[np.float64(0.41333333333333333)],[1],[0],[0],[0.9807373001240194],['target'],118,0,118,0,250.44742060010321,,,,,,,,,5,250.4375303001143,250.44742060010321,250.44742060010321,0.017725500045344234,251.40115389996208,[np.float64(-0.12833333333333333)],[np.float64(0.41333333333333333)],[1],[0],[0],[0.9807373001240194],['target'],,,,,3,001,2025-10-02_18h59.24.622,visual search,,2025.1.1,59.95261345642845,2025-10-02 18h59.30.204727 +0530,
119,0,119,[np.float64(-0.12166666666666667)],[np.float64(0.30416666666666664)],[1],[0],[0],[0.8195462999865413],['target'],119,0,119,0,251.4467542001512,,,,,,,,,10,251.4322143001482,251.4467542001512,251.4467542001512,0.03080440009944141,252.2216307001654,[np.float64(-0.12166666666666667)],[np.float64(0.30416666666666664)],[1],[0],[0],[0.8195462999865413],['target'],,,,,3,001,2025-10-02_18h59.24.622,visual search,,2025.1.1,59.95261345642845,2025-10-02 18h59.30.204727 +0530,
120,0,120,[np.float64(-0.4116666666666667)],[np.float64(-0.1425)],[1],[0],[0],[1.7801703999284655],['target'],120,0,120,0,252.2677617999725,,,,,,,,,10,252.2539953000378,252.2677617999725,252.2677617999725,0.032135700108483434,254.00259000016376,[np.float64(-0.4116666666666667)],[np.float64(-0.1425)],[1],[0],[0],[1.7801703999284655],['target'],,,,,3,001,2025-10-02_18h59.24.622,visual search,,2025.1.1,59.95261345642845,2025-10-02 18h59.30.204727 +0530,
121,0,121,[np.float64(-0.1475)],[np.float64(0.37083333333333335)],[1],[0],[0],[2.235195699846372],['target'],121,0,121,0,254.02825310011394,,,,,,,,,5,254.0196458999999,254.02825310011394,254.02825310011394,0.016755100106820464,256.2386916000396,[np.float64(-0.1475)],[np.float64(0.37083333333333335)],[1],[0],[0],[2.235195699846372],['target'],,,,,3,001,2025-10-02_18h59.24.622,visual search,,2025.1.1,59.95261345642845,2025-10-02 18h59.30.204727 +0530,
122,0,122,[np.float64(-0.26416666666666666)],[np.float64(0.435)],[1],[0],[0],[1.1775629001203924],['target'],122,0,122,0,256.26223250012845,,,,,,,,,5,256.25382230011746,256.26223250012845,256.26223250012845,0.014913399936631322,257.4171378000174,[np.float64(-0.26416666666666666)],[np.float64(0.435)],[1],[0],[0],[1.1775629001203924],['target'],,,,,3,001,2025-10-02_18h59.24.622,visual search,,2025.1.1,59.95261345642845,2025-10-02 18h59.30.204727 +0530,
123,0,123,[np.float64(-0.3933333333333333)],[np.float64(0.09083333333333334)],[1],[0],[0],[1.398647499969229],['target'],123,0,123,0,257.44740860001184,,,,,,,,,5,257.4384030001238,257.44740860001184,257.44740860001184,0.0210081001278013,258.81673840014264,[np.float64(-0.3933333333333333)],[np.float64(0.09083333333333334)],[1],[0],[0],[1.398647499969229],['target'],,,,,3,001,2025-10-02_18h59.24.622,visual search,,2025.1.1,59.95261345642845,2025-10-02 18h59.30.204727 +0530,
124,0,124,[np.float64(0.4175)],[np.float64(-0.32916666666666666)],[1],[0],[0],[2.998955799965188],['target'],124,0,124,0,258.8640815000981,,,,,,,,,10,258.85100300004706,258.8640815000981,258.8640815000981,0.03394079999998212,261.81673469999805,[np.float64(0.4175)],[np.float64(-0.32916666666666666)],[1],[0],[0],[2.998955799965188],['target'],,,,,3,001,2025-10-02_18h59.24.622,visual search,,2025.1.1,59.95261345642845,2025-10-02 18h59.30.204727 +0530,
125,0,125,[np.float64(0.32666666666666666)],[np.float64(0.17083333333333334)],[1],[0],[0],[1.3500641998834908],['target'],125,0,125,0,261.8596534000244,,,,,,,,,10,261.8460917000193,261.8596534000244,261.8596534000244,0.02907319995574653,263.16764450003393,[np.float64(0.32666666666666666)],[np.float64(0.17083333333333334)],[1],[0],[0],[1.3500641998834908],['target'],,,,,3,001,2025-10-02_18h59.24.622,visual search,,2025.1.1,59.95261345642845,2025-10-02 18h59.30.204727 +0530,
126,0,126,"[np.float64(0.2816666666666667), np.float64(-0.2816666666666667)]","[np.float64(-0.4975), np.float64(0.4891666666666667)]","[1, 1]","[0, 0]","[0, 0]","[1.9483221999835223, 3.816126000136137]","[None, 'target']",126,0,126,0,263.20144630013965,,,,,,,,,5,263.1885305000469,263.20144630013965,263.20144630013965,0.020667500095441937,266.9845460001379,"[np.float64(0.2816666666666667), np.float64(-0.2816666666666667)]","[np.float64(-0.4975), np.float64(0.4891666666666667)]","[1, 1]","[0, 0]","[0, 0]","[1.9483221999835223, 3.816126000136137]","[None, 'target']",,,,,3,001,2025-10-02_18h59.24.622,visual search,,2025.1.1,59.95261345642845,2025-10-02 18h59.30.204727 +0530,
127,0,127,[np.float64(0.155)],[np.float64(-0.12333333333333334)],[1],[0],[0],[1.4991391999647021],['target'],127,0,127,0,267.00503580016084,,,,,,,,,5,266.99975570011884,267.00503580016084,267.00503580016084,0.014963400084525347,268.48445270000957,[np.float64(0.155)],[np.float64(-0.12333333333333334)],[1],[0],[0],[1.4991391999647021],['target'],,,,,3,001,2025-10-02_18h59.24.622,visual search,,2025.1.1,59.95261345642845,2025-10-02 18h59.30.204727 +0530,
128,0,128,[np.float64(0.40166666666666667)],[np.float64(-0.2608333333333333)],[1],[0],[0],[1.3311437000520527],['target'],128,0,128,0,268.52143219998106,,,,,,,,,10,268.51106379996054,268.52143219998106,268.52143219998106,0.0264272999484092,269.81625859998167,[np.float64(0.40166666666666667)],[np.float64(-0.2608333333333333)],[1],[0],[0],[1.3311437000520527],['target'],,,,,3,001,2025-10-02_18h59.24.622,visual search,,2025.1.1,59.95261345642845,2025-10-02 18h59.30.204727 +0530,
129,0,129,[np.float64(-0.2)],[np.float64(-0.32416666666666666)],[1],[0],[0],[1.3172558001242578],['target'],129,0,129,0,269.8441697000526,,,,,,,,,5,269.8373346000444,269.8441697000526,269.8441697000526,0.020883299876004457,271.13419939996675,[np.float64(-0.2)],[np.float64(-0.32416666666666666)],[1],[0],[0],[1.3172558001242578],['target'],,,,,3,001,2025-10-02_18h59.24.622,visual search,,2025.1.1,59.95261345642845,2025-10-02 18h59.30.204727 +0530,
130,0,130,[np.float64(0.0975)],[np.float64(0.4225)],[1],[0],[0],[1.8468104000203311],['target'],130,0,130,0,271.16661700000986,,,,,,,,,10,271.1586462999694,271.16661700000986,271.16661700000986,0.02426269999705255,272.98168179998174,[np.float64(0.0975)],[np.float64(0.4225)],[1],[0],[0],[1.8468104000203311],['target'],,,,,3,001,2025-10-02_18h59.24.622,visual search,,2025.1.1,59.95261345642845,2025-10-02 18h59.30.204727 +0530,
131,0,131,[np.float64(-0.013333333333333334)],[np.float64(-0.1925)],[1],[0],[0],[1.3683569999411702],['target'],131,0,131,0,273.0007925000973,,,,,,,,,5,272.9949308000505,273.0007925000973,273.0007925000973,0.013012300012633204,274.35087970015593,[np.float64(-0.013333333333333334)],[np.float64(-0.1925)],[1],[0],[0],[1.3683569999411702],['target'],,,,,3,001,2025-10-02_18h59.24.622,visual search,,2025.1.1,59.95261345642845,2025-10-02 18h59.30.204727 +0530,
132,0,132,[np.float64(-0.2975)],[np.float64(0.165)],[1],[0],[0],[1.7149664000608027],['target'],132,0,132,0,274.37119380012155,,,,,,,,,5,274.3656417999882,274.37119380012155,274.37119380012155,0.014466600026935339,276.0668864999898,[np.float64(-0.2975)],[np.float64(0.165)],[1],[0],[0],[1.7149664000608027],['target'],,,,,3,001,2025-10-02_18h59.24.622,visual search,,2025.1.1,59.95261345642845,2025-10-02 18h59.30.204727 +0530,
133,0,133,[np.float64(-0.5025)],[np.float64(0.060833333333333336)],[1],[0],[0],[1.4504447998479009],['target'],133,0,133,0,276.1140076001175,,,,,,,,,10,276.102381600067,276.1140076001175,276.1140076001175,0.03515829984098673,277.5184694000054,[np.float64(-0.5025)],[np.float64(0.060833333333333336)],[1],[0],[0],[1.4504447998479009],['target'],,,,,3,001,2025-10-02_18h59.24.622,visual search,,2025.1.1,59.95261345642845,2025-10-02 18h59.30.204727 +0530,
134,0,134,[np.float64(-0.4891666666666667)],[np.float64(0.30333333333333334)],[1],[0],[0],[1.480180400190875],['target'],134,0,134,0,277.56963990000077,,,,,,,,,10,277.5517063001171,277.56963990000077,277.56963990000077,0.033043900039047,278.9993849999737,[np.float64(-0.4891666666666667)],[np.float64(0.30333333333333334)],[1],[0],[0],[1.480180400190875],['target'],,,,,3,001,2025-10-02_18h59.24.622,visual search,,2025.1.1,59.95261345642845,2025-10-02 18h59.30.204727 +0530,
135,0,135,[np.float64(-0.13416666666666666)],[np.float64(-0.4766666666666667)],[1],[0],[0],[3.2679858000483364],['target'],135,0,135,0,279.04168460005894,,,,,,,,,10,279.0281671001576,279.04168460005894,279.04168460005894,0.02853109990246594,282.2681809000205,[np.float64(-0.13416666666666666)],[np.float64(-0.4766666666666667)],[1],[0],[0],[3.2679858000483364],['target'],,,,,3,001,2025-10-02_18h59.24.622,visual search,,2025.1.1,59.95261345642845,2025-10-02 18h59.30.204727 +0530,
136,0,136,[np.float64(-0.45416666666666666)],[np.float64(-0.19666666666666666)],[1],[0],[0],[1.3806650000624359],['target'],136,0,136,0,282.29271119995974,,,,,,,,,5,282.2841304000467,282.29271119995974,282.29271119995974,0.015691899927332997,283.64977110014297,[np.float64(-0.45416666666666666)],[np.float64(-0.19666666666666666)],[1],[0],[0],[1.3806650000624359],['target'],,,,,3,001,2025-10-02_18h59.24.622,visual search,,2025.1.1,59.95261345642845,2025-10-02 18h59.30.204727 +0530,
137,0,137,[np.float64(-0.17166666666666666)],[np.float64(-0.4766666666666667)],[1],[0],[0],[2.3174026999622583],['target'],137,0,137,0,283.8097413999494,,,,,,,,,10,283.7965830999892,283.8097413999494,283.8097413999494,0.14653459982946515,285.9681081001181,[np.float64(-0.17166666666666666)],[np.float64(-0.4766666666666667)],[1],[0],[0],[2.3174026999622583],['target'],,,,,3,001,2025-10-02_18h59.24.622,visual search,,2025.1.1,59.95261345642845,2025-10-02 18h59.30.204727 +0530,
138,0,138,[np.float64(0.13666666666666666)],[np.float64(0.22)],[1],[0],[0],[1.8813571999780834],['target'],138,0,138,0,285.9933905999642,,,,,,,,,5,285.9847544999793,285.9933905999642,285.9933905999642,0.016429399838671088,287.85019790008664,[np.float64(0.13666666666666666)],[np.float64(0.22)],[1],[0],[0],[1.8813571999780834],['target'],,,,,3,001,2025-10-02_18h59.24.622,visual search,,2025.1.1,59.95261345642845,2025-10-02 18h59.30.204727 +0530,
139,0,139,[np.float64(0.455)],[np.float64(0.43)],[1],[0],[0],[2.0822733000386506],['target'],139,0,139,0,287.9060637000948,,,,,,,,,10,287.8912774999626,287.9060637000948,287.9060637000948,0.04081919998861849,289.9333538999781,[np.float64(0.455)],[np.float64(0.43)],[1],[0],[0],[2.0822733000386506],['target'],,,,,3,001,2025-10-02_18h59.24.622,visual search,,2025.1.1,59.95261345642845,2025-10-02 18h59.30.204727 +0530,
140,0,140,[np.float64(-0.16333333333333333)],[np.float64(-0.08583333333333333)],[1],[0],[0],[1.6514105999376625],['target'],140,0,140,0,289.9847264001146,,,,,,,,,10,289.97142349998467,289.9847264001146,289.9847264001146,0.03783020004630089,291.58559230016544,[np.float64(-0.16333333333333333)],[np.float64(-0.08583333333333333)],[1],[0],[0],[1.6514105999376625],['target'],,,,,3,001,2025-10-02_18h59.24.622,visual search,,2025.1.1,59.95261345642845,2025-10-02 18h59.30.204727 +0530,
141,0,141,[np.float64(-0.07583333333333334)],[np.float64(-0.405)],[1],[0],[0],[1.6149323000572622],['target'],141,0,141,0,291.62735640001483,,,,,,,,,10,291.61554910009727,291.62735640001483,291.62735640001483,0.0297477999702096,293.20127400010824,[np.float64(-0.07583333333333334)],[np.float64(-0.405)],[1],[0],[0],[1.6149323000572622],['target'],,,,,3,001,2025-10-02_18h59.24.622,visual search,,2025.1.1,59.95261345642845,2025-10-02 18h59.30.204727 +0530,
142,0,142,[np.float64(-0.1025)],[np.float64(0.14666666666666667)],[1],[0],[0],[1.8990118000656366],['target'],142,0,142,0,293.2274404000491,,,,,,,,,5,293.2184631000273,293.2274404000491,293.2274404000491,0.016942299902439117,295.1010788001586,[np.float64(-0.1025)],[np.float64(0.14666666666666667)],[1],[0],[0],[1.8990118000656366],['target'],,,,,3,001,2025-10-02_18h59.24.622,visual search,,2025.1.1,59.95261345642845,2025-10-02 18h59.30.204727 +0530,
143,0,143,[np.float64(-0.17)],[np.float64(0.10583333333333333)],[1],[0],[0],[1.1184354000724852],['target'],143,0,143,0,295.1253066000063,,,,,,,,,5,295.1167350001633,295.1253066000063,295.1253066000063,0.015476200031116605,296.2202085000463,[np.float64(-0.17)],[np.float64(0.10583333333333333)],[1],[0],[0],[1.1184354000724852],['target'],,,,,3,001,2025-10-02_18h59.24.622,visual search,,2025.1.1,59.95261345642845,2025-10-02 18h59.30.204727 +0530,
144,0,144,[np.float64(-0.36833333333333335)],[np.float64(0.48583333333333334)],[1],[0],[0],[1.9633769998326898],['target'],144,0,144,0,296.2451822999865,,,,,,,,,5,296.2367354000453,296.2451822999865,296.2451822999865,0.01632900000549853,298.1843715000432,[np.float64(-0.36833333333333335)],[np.float64(0.48583333333333334)],[1],[0],[0],[1.9633769998326898],['target'],,,,,3,001,2025-10-02_18h59.24.622,visual search,,2025.1.1,59.95261345642845,2025-10-02 18h59.30.204727 +0530,
145,0,145,[np.float64(-0.20916666666666667)],[np.float64(-0.4775)],[1],[0],[0],[2.31739729992114],['target'],145,0,145,0,298.2307138000615,,,,,,,,,10,298.21761080017313,298.2307138000615,298.2307138000615,0.033047999953851104,300.5024695000611,[np.float64(-0.20916666666666667)],[np.float64(-0.4775)],[1],[0],[0],[2.31739729992114],['target'],,,,,3,001,2025-10-02_18h59.24.622,visual search,,2025.1.1,59.95261345642845,2025-10-02 18h59.30.204727 +0530,
146,0,146,[np.float64(0.24333333333333335)],[np.float64(-0.17083333333333334)],[1],[0],[0],[2.848412499995902],['target'],146,0,146,0,300.542886500014,,,,,,,,,10,300.53087650006637,300.542886500014,300.542886500014,0.028206999879330397,303.3515864999499,[np.float64(0.24333333333333335)],[np.float64(-0.17083333333333334)],[1],[0],[0],[2.848412499995902],['target'],,,,,3,001,2025-10-02_18h59.24.622,visual search,,2025.1.1,59.95261345642845,2025-10-02 18h59.30.204727 +0530,
147,0,147,[np.float64(-0.09333333333333334)],[np.float64(0.39666666666666667)],[1],[0],[0],[1.528498400002718],['target'],147,0,147,0,303.37506230012514,,,,,,,,,5,303.3674286000896,303.37506230012514,303.37506230012514,0.015541299944743514,304.8810191000812,[np.float64(-0.09333333333333334)],[np.float64(0.39666666666666667)],[1],[0],[0],[1.528498400002718],['target'],,,,,3,001,2025-10-02_18h59.24.622,visual search,,2025.1.1,59.95261345642845,2025-10-02 18h59.30.204727 +0530,
148,0,148,[np.float64(-0.0125)],[np.float64(-0.24833333333333332)],[1],[0],[0],[1.1863924998324364],['target'],148,0,148,0,304.90543980011716,,,,,,,,,5,304.8974649000447,304.90543980011716,304.90543980011716,0.01622950006276369,306.0682362001389,[np.float64(-0.0125)],[np.float64(-0.24833333333333332)],[1],[0],[0],[1.1863924998324364],['target'],,,,,3,001,2025-10-02_18h59.24.622,visual search,,2025.1.1,59.95261345642845,2025-10-02 18h59.30.204727 +0530,
149,0,149,[np.float64(0.08416666666666667)],[np.float64(-0.195)],[1],[0],[0],[2.028280399972573],['target'],149,0,149,0,306.10874149994925,,,,,,,,,10,306.09790319995955,306.10874149994925,306.10874149994925,0.029469799948856235,308.09728049999103,[np.float64(0.08416666666666667)],[np.float64(-0.195)],[1],[0],[0],[2.028280399972573],['target'],,,,,3,001,2025-10-02_18h59.24.622,visual search,,2025.1.1,59.95261345642845,2025-10-02 18h59.30.204727 +0530,
150,0,150,[np.float64(-0.1125)],[np.float64(0.08666666666666667)],[1],[0],[0],[1.1166147999465466],['target'],150,0,150,0,308.1217047001701,,,,,,,,,5,308.11400820012204,308.1217047001701,308.1217047001701,0.016455800039693713,309.21474590012804,[np.float64(-0.1125)],[np.float64(0.08666666666666667)],[1],[0],[0],[1.1166147999465466],['target'],,,,,3,001,2025-10-02_18h59.24.622,visual search,,2025.1.1,59.95261345642845,2025-10-02 18h59.30.204727 +0530,
151,0,151,[np.float64(-0.42916666666666664)],[np.float64(-0.44083333333333335)],[1],[0],[0],[2.3663063999265432],['target'],151,0,151,0,309.2557584999595,,,,,,,,,10,309.24483440001495,309.2557584999595,309.2557584999595,0.029871199978515506,311.58185190008953,[np.float64(-0.42916666666666664)],[np.float64(-0.44083333333333335)],[1],[0],[0],[2.3663063999265432],['target'],,,,,3,001,2025-10-02_18h59.24.622,visual search,,2025.1.1,59.95261345642845,2025-10-02 18h59.30.204727 +0530,
152,0,152,[np.float64(0.43166666666666664)],[np.float64(-0.2791666666666667)],[1],[0],[0],[1.886943600140512],['target'],152,0,152,0,311.60673170001246,,,,,,,,,5,311.59856820013374,311.60673170001246,311.60673170001246,0.016501900041475892,313.46950919996016,[np.float64(0.43166666666666664)],[np.float64(-0.2791666666666667)],[1],[0],[0],[1.886943600140512],['target'],,,,,3,001,2025-10-02_18h59.24.622,visual search,,2025.1.1,59.95261345642845,2025-10-02 18h59.30.204727 +0530,
153,0,153,[np.float64(0.3641666666666667)],[np.float64(0.27)],[1],[0],[0],[3.0312101000454277],['target'],153,0,153,0,313.5112517999951,,,,,,,,,10,313.49907060014084,313.5112517999951,313.5112517999951,0.02936809998936951,316.50158719997853,[np.float64(0.3641666666666667)],[np.float64(0.27)],[1],[0],[0],[3.0312101000454277],['target'],,,,,3,001,2025-10-02_18h59.24.622,visual search,,2025.1.1,59.95261345642845,2025-10-02 18h59.30.204727 +0530,
154,0,154,[np.float64(0.051666666666666666)],[np.float64(-0.48583333333333334)],[1],[0],[0],[1.646142799872905],['target'],154,0,154,0,316.5257363000419,,,,,,,,,5,316.51784660015255,316.5257363000419,316.5257363000419,0.016035200096666813,318.14850830007344,[np.float64(0.051666666666666666)],[np.float64(-0.48583333333333334)],[1],[0],[0],[1.646142799872905],['target'],,,,,3,001,2025-10-02_18h59.24.622,visual search,,2025.1.1,59.95261345642845,2025-10-02 18h59.30.204727 +0530,
155,0,155,[np.float64(-0.3475)],[np.float64(-0.029166666666666667)],[1],[0],[0],[1.333214099984616],['target'],155,0,155,0,318.17349250009283,,,,,,,,,5,318.1651568999514,318.17349250009283,318.17349250009283,0.016476500080898404,319.4824332999997,[np.float64(-0.3475)],[np.float64(-0.029166666666666667)],[1],[0],[0],[1.333214099984616],['target'],,,,,3,001,2025-10-02_18h59.24.622,visual search,,2025.1.1,59.95261345642845,2025-10-02 18h59.30.204727 +0530,
156,0,156,[np.float64(0.1925)],[np.float64(-0.41833333333333333)],[1],[0],[0],[2.0676022998522967],['target'],156,0,156,0,319.5241110001225,,,,,,,,,10,319.5129712000489,319.5241110001225,319.5241110001225,0.030354199931025505,321.5507364999503,[np.float64(0.1925)],[np.float64(-0.41833333333333333)],[1],[0],[0],[2.0676022998522967],['target'],,,,,3,001,2025-10-02_18h59.24.622,visual search,,2025.1.1,59.95261345642845,2025-10-02 18h59.30.204727 +0530,
157,0,157,[np.float64(-0.4125)],[np.float64(-0.34833333333333333)],[1],[0],[0],[1.0493343998678029],['target'],157,0,157,0,321.5793092001695,,,,,,,,,5,321.57006169995293,321.5793092001695,321.5793092001695,0.019117899937555194,322.6008135001175,[np.float64(-0.4125)],[np.float64(-0.34833333333333333)],[1],[0],[0],[1.0493343998678029],['target'],,,,,3,001,2025-10-02_18h59.24.622,visual search,,2025.1.1,59.95261345642845,2025-10-02 18h59.30.204727 +0530,
158,0,158,[np.float64(-0.10416666666666667)],[np.float64(0.0225)],[1],[0],[0],[1.4130709001328796],['target'],158,0,158,0,322.63180420012213,,,,,,,,,5,322.6227716000285,322.63180420012213,322.63180420012213,0.021777099929749966,324.01458219997585,[np.float64(-0.10416666666666667)],[np.float64(0.0225)],[1],[0],[0],[1.4130709001328796],['target'],,,,,3,001,2025-10-02_18h59.24.622,visual search,,2025.1.1,59.95261345642845,2025-10-02 18h59.30.204727 +0530,
159,0,159,[np.float64(-0.44666666666666666)],[np.float64(0.4891666666666667)],[1],[0],[0],[2.78133949986659],['target'],159,0,159,0,324.05537990015,,,,,,,,,10,324.0437630000524,324.05537990015,324.05537990015,0.029003100004047155,326.796653999947,[np.float64(-0.44666666666666666)],[np.float64(0.4891666666666667)],[1],[0],[0],[2.78133949986659],['target'],,,,,3,001,2025-10-02_18h59.24.622,visual search,,2025.1.1,59.95261345642845,2025-10-02 18h59.30.204727 +0530,
160,0,160,[np.float64(-0.21583333333333332)],[np.float64(0.08333333333333333)],[1],[0],[0],[0.9827757000457495],['target'],160,0,160,0,326.8220124000218,,,,,,,,,5,326.813551499974,326.8220124000218,326.8220124000218,0.01664569997228682,327.7802410000004,[np.float64(-0.21583333333333332)],[np.float64(0.08333333333333333)],[1],[0],[0],[0.9827757000457495],['target'],,,,,3,001,2025-10-02_18h59.24.622,visual search,,2025.1.1,59.95261345642845,2025-10-02 18h59.30.204727 +0530,
161,0,161,[np.float64(0.2733333333333333)],[np.float64(0.37666666666666665)],[1],[0],[0],[1.252671099966392],['target'],161,0,161,0,327.805044000037,,,,,,,,,5,327.79713520011865,327.805044000037,327.805044000037,0.016658199951052666,329.0337708001025,[np.float64(0.2733333333333333)],[np.float64(0.37666666666666665)],[1],[0],[0],[1.252671099966392],['target'],,,,,3,001,2025-10-02_18h59.24.622,visual search,,2025.1.1,59.95261345642845,2025-10-02 18h59.30.204727 +0530,
162,0,162,[np.float64(-0.21833333333333332)],[np.float64(0.15666666666666668)],[1],[0],[0],[1.2954224001150578],['target'],162,0,162,0,329.08575550001115,,,,,,,,,10,329.06933570001274,329.08575550001115,329.08575550001115,0.0353990001603961,330.3298683001194,[np.float64(-0.21833333333333332)],[np.float64(0.15666666666666668)],[1],[0],[0],[1.2954224001150578],['target'],,,,,3,001,2025-10-02_18h59.24.622,visual search,,2025.1.1,59.95261345642845,2025-10-02 18h59.30.204727 +0530,
163,0,163,[np.float64(0.1275)],[np.float64(-0.33)],[1],[0],[0],[1.4356129998341203],['target'],163,0,163,0,330.3568142000586,,,,,,,,,5,330.3478308999911,330.3568142000586,330.3568142000586,0.017751700012013316,331.7662047999911,[np.float64(0.1275)],[np.float64(-0.33)],[1],[0],[0],[1.4356129998341203],['target'],,,,,3,001,2025-10-02_18h59.24.622,visual search,,2025.1.1,59.95261345642845,2025-10-02 18h59.30.204727 +0530,
164,0,164,[np.float64(0.03166666666666667)],[np.float64(0.10833333333333334)],[1],[0],[0],[1.5613732000347227],['target'],164,0,164,0,331.8125825000461,,,,,,,,,10,331.80010300013237,331.8125825000461,331.8125825000461,0.03287820005789399,333.32914320006967,[np.float64(0.03166666666666667)],[np.float64(0.10833333333333334)],[1],[0],[0],[1.5613732000347227],['target'],,,,,3,001,2025-10-02_18h59.24.622,visual search,,2025.1.1,59.95261345642845,2025-10-02 18h59.30.204727 +0530,
165,0,165,[np.float64(-0.19416666666666665)],[np.float64(0.47)],[1],[0],[0],[1.6543446001596749],['target'],165,0,165,0,333.3533338000998,,,,,,,,,5,333.34579379996285,333.3533338000998,333.3533338000998,0.016397600062191486,334.9843044001609,[np.float64(-0.19416666666666665)],[np.float64(0.47)],[1],[0],[0],[1.6543446001596749],['target'],,,,,3,001,2025-10-02_18h59.24.622,visual search,,2025.1.1,59.95261345642845,2025-10-02 18h59.30.204727 +0530,
166,0,166,[np.float64(-0.008333333333333333)],[np.float64(0.27166666666666667)],[1],[0],[0],[0.9810607000254095],['target'],166,0,166,0,335.0470976000652,,,,,,,,,10,335.03326379996724,335.0470976000652,335.0470976000652,0.04872880014590919,335.96622109995224,[np.float64(-0.008333333333333333)],[np.float64(0.27166666666666667)],[1],[0],[0],[0.9810607000254095],['target'],,,,,3,001,2025-10-02_18h59.24.622,visual search,,2025.1.1,59.95261345642845,2025-10-02 18h59.30.204727 +0530,
167,0,167,[np.float64(-0.27416666666666667)],[np.float64(-0.44083333333333335)],[1],[0],[0],[2.2665496000554413],['target'],167,0,167,0,336.0127843001392,,,,,,,,,10,336.00034420005977,336.0127843001392,336.0127843001392,0.03387719998136163,338.2335600000806,[np.float64(-0.27416666666666667)],[np.float64(-0.44083333333333335)],[1],[0],[0],[2.2665496000554413],['target'],,,,,3,001,2025-10-02_18h59.24.622,visual search,,2025.1.1,59.95261345642845,2025-10-02 18h59.30.204727 +0530,
168,0,168,[np.float64(0.42083333333333334)],[np.float64(0.4216666666666667)],[1],[0],[0],[4.930982900084928],['target'],168,0,168,0,338.2586197000928,,,,,,,,,5,338.2494459999725,338.2586197000928,338.2586197000928,0.015676300041377544,343.16530850017443,[np.float64(0.42083333333333334)],[np.float64(0.4216666666666667)],[1],[0],[0],[4.930982900084928],['target'],,,,,3,001,2025-10-02_18h59.24.622,visual search,,2025.1.1,59.95261345642845,2025-10-02 18h59.30.204727 +0530,
169,0,169,"[np.float64(0.23), np.float64(0.255)]","[np.float64(-0.4058333333333333), np.float64(-0.41)]","[1, 1]","[0, 0]","[0, 0]","[2.283720900071785, 3.462024800013751]","[None, 'target']",169,0,169,0,343.2080680001527,,,,,,,,,10,343.19590950012207,343.2080680001527,343.2080680001527,0.030428800033405423,346.62802830012515,"[np.float64(0.23), np.float64(0.255)]","[np.float64(-0.4058333333333333), np.float64(-0.41)]","[1, 1]","[0, 0]","[0, 0]","[2.283720900071785, 3.462024800013751]","[None, 'target']",,,,,3,001,2025-10-02_18h59.24.622,visual search,,2025.1.1,59.95261345642845,2025-10-02 18h59.30.204727 +0530,
170,0,170,[np.float64(-0.37333333333333335)],[np.float64(0.28833333333333333)],[1],[0],[0],[2.6502609997987747],['target'],170,0,170,0,346.6536181999836,,,,,,,,,5,346.6456573000178,346.6536181999836,346.6536181999836,0.01729310001246631,349.27924089995213,[np.float64(-0.37333333333333335)],[np.float64(0.28833333333333333)],[1],[0],[0],[2.6502609997987747],['target'],,,,,3,001,2025-10-02_18h59.24.622,visual search,,2025.1.1,59.95261345642845,2025-10-02 18h59.30.204727 +0530,
171,0,171,[np.float64(-0.4683333333333333)],[np.float64(-0.06833333333333333)],[1],[0],[0],[1.1014785000588745],['target'],171,0,171,0,349.3285741000436,,,,,,,,,10,349.312939299969,349.3285741000436,349.3285741000436,0.03349629999138415,350.3814638000913,[np.float64(-0.4683333333333333)],[np.float64(-0.06833333333333333)],[1],[0],[0],[1.1014785000588745],['target'],,,,,3,001,2025-10-02_18h59.24.622,visual search,,2025.1.1,59.95261345642845,2025-10-02 18h59.30.204727 +0530,
172,0,172,[np.float64(0.4575)],[np.float64(0.33416666666666667)],[1],[0],[0],[2.2152383998036385],['target'],172,0,172,0,350.42173680011183,,,,,,,,,10,350.4099387000315,350.42173680011183,350.42173680011183,0.02827769983559847,352.5974582999479,[np.float64(0.4575)],[np.float64(0.33416666666666667)],[1],[0],[0],[2.2152383998036385],['target'],,,,,3,001,2025-10-02_18h59.24.622,visual search,,2025.1.1,59.95261345642845,2025-10-02 18h59.30.204727 +0530,
173,0,173,[np.float64(0.43083333333333335)],[np.float64(0.5)],[1],[0],[0],[3.4982354000676423],['target'],173,0,173,0,352.65773840015754,,,,,,,,,10,352.63971700007096,352.65773840015754,352.65773840015754,0.04202569997869432,356.0964560001157,[np.float64(0.43083333333333335)],[np.float64(0.5)],[1],[0],[0],[3.4982354000676423],['target'],,,,,3,001,2025-10-02_18h59.24.622,visual search,,2025.1.1,59.95261345642845,2025-10-02 18h59.30.204727 +0530,
174,0,174,[np.float64(-0.20833333333333334)],[np.float64(0.12333333333333334)],[1],[0],[0],[1.4645299999974668],['target'],174,0,174,0,356.1439890000038,,,,,,,,,10,356.1314703000244,356.1439890000038,356.1439890000038,0.03479399997740984,357.56183370016515,[np.float64(-0.20833333333333334)],[np.float64(0.12333333333333334)],[1],[0],[0],[1.4645299999974668],['target'],,,,,3,001,2025-10-02_18h59.24.622,visual search,,2025.1.1,59.95261345642845,2025-10-02 18h59.30.204727 +0530,
175,0,175,[np.float64(-0.21666666666666667)],[np.float64(0.25416666666666665)],[1],[0],[0],[1.2546947000082582],['target'],175,0,175,0,357.58620600006543,,,,,,,,,5,357.5774658001028,357.58620600006543,357.58620600006543,0.015377799980342388,358.8173738999758,[np.float64(-0.21666666666666667)],[np.float64(0.25416666666666665)],[1],[0],[0],[1.2546947000082582],['target'],,,,,3,001,2025-10-02_18h59.24.622,visual search,,2025.1.1,59.95261345642845,2025-10-02 18h59.30.204727 +0530,
176,0,176,[np.float64(-0.04083333333333333)],[np.float64(0.41333333333333333)],[1],[0],[0],[1.1638388999272138],['target'],176,0,176,0,358.84322719997726,,,,,,,,,5,358.8344815999735,358.84322719997726,358.84322719997726,0.016886099940165877,359.98204510007054,[np.float64(-0.04083333333333333)],[np.float64(0.41333333333333333)],[1],[0],[0],[1.1638388999272138],['target'],,,,,3,001,2025-10-02_18h59.24.622,visual search,,2025.1.1,59.95261345642845,2025-10-02 18h59.30.204727 +0530,
177,0,177,[np.float64(0.47)],[np.float64(-0.4266666666666667)],[1],[0],[0],[1.9497226001694798],['target'],177,0,177,0,360.0068302000873,,,,,,,,,5,359.99790630000643,360.0068302000873,360.0068302000873,0.015657500131055713,361.93255620007403,[np.float64(0.47)],[np.float64(-0.4266666666666667)],[1],[0],[0],[1.9497226001694798],['target'],,,,,3,001,2025-10-02_18h59.24.622,visual search,,2025.1.1,59.95261345642845,2025-10-02 18h59.30.204727 +0530,
178,0,178,[np.float64(0.165)],[np.float64(0.035833333333333335)],[1],[0],[0],[2.031541699776426],['target'],178,0,178,0,361.96231720014475,,,,,,,,,5,361.9509386999998,361.96231720014475,361.96231720014475,0.018214000156149268,363.9648625999689,[np.float64(0.165)],[np.float64(0.035833333333333335)],[1],[0],[0],[2.031541699776426],['target'],,,,,3,001,2025-10-02_18h59.24.622,visual search,,2025.1.1,59.95261345642845,2025-10-02 18h59.30.204727 +0530,
179,0,179,[np.float64(-0.355)],[np.float64(0.09916666666666667)],[1],[0],[0],[1.7327662999741733],['target'],179,0,179,0,364.0138711000327,,,,,,,,,10,364.0017057999503,364.0138711000327,364.0138711000327,0.03664739988744259,365.6983898000326,[np.float64(-0.355)],[np.float64(0.09916666666666667)],[1],[0],[0],[1.7327662999741733],['target'],,,,,3,001,2025-10-02_18h59.24.622,visual search,,2025.1.1,59.95261345642845,2025-10-02 18h59.30.204727 +0530,
180,0,180,"[np.float64(-0.008333333333333333), np.float64(0.029166666666666667)]","[np.float64(-0.07666666666666666), np.float64(-0.08333333333333333)]","[1, 1]","[0, 0]","[0, 0]","[3.0487790999468416, 3.6328079998493195]","[None, 'target']",180,0,180,0,365.722284700023,,,,,,,,,5,365.71424510004,365.722284700023,365.722284700023,0.015656299889087677,369.3319032001309,"[np.float64(-0.008333333333333333), np.float64(0.029166666666666667)]","[np.float64(-0.07666666666666666), np.float64(-0.08333333333333333)]","[1, 1]","[0, 0]","[0, 0]","[3.0487790999468416, 3.6328079998493195]","[None, 'target']",,,,,3,001,2025-10-02_18h59.24.622,visual search,,2025.1.1,59.95261345642845,2025-10-02 18h59.30.204727 +0530,
181,0,181,[np.float64(-0.35583333333333333)],[np.float64(0.058333333333333334)],[1],[0],[0],[1.4156775998417288],['target'],181,0,181,0,369.37618360016495,,,,,,,,,10,369.3631168000866,369.37618360016495,369.37618360016495,0.031016499968245625,370.74831920000724,[np.float64(-0.35583333333333333)],[np.float64(0.058333333333333334)],[1],[0],[0],[1.4156775998417288],['target'],,,,,3,001,2025-10-02_18h59.24.622,visual search,,2025.1.1,59.95261345642845,2025-10-02 18h59.30.204727 +0530,
182,0,182,[np.float64(-0.5)],[np.float64(-0.43333333333333335)],[1],[0],[0],[2.9659776999615133],['target'],182,0,182,0,370.7894517001696,,,,,,,,,10,370.7780971999746,370.7894517001696,370.7894517001696,0.029512800043448806,373.7151892001275,[np.float64(-0.5)],[np.float64(-0.43333333333333335)],[1],[0],[0],[2.9659776999615133],['target'],,,,,3,001,2025-10-02_18h59.24.622,visual search,,2025.1.1,59.95261345642845,2025-10-02 18h59.30.204727 +0530,
183,0,183,[np.float64(-0.2425)],[np.float64(-0.10916666666666666)],[1],[0],[0],[1.8963161997962743],['target'],183,0,183,0,373.76071400009096,,,,,,,,,10,373.7482374999672,373.76071400009096,373.76071400009096,0.032794700004160404,375.61233220016584,[np.float64(-0.2425)],[np.float64(-0.10916666666666666)],[1],[0],[0],[1.8963161997962743],['target'],,,,,3,001,2025-10-02_18h59.24.622,visual search,,2025.1.1,59.95261345642845,2025-10-02 18h59.30.204727 +0530,
184,0,184,"[np.float64(0.006666666666666667), np.float64(0.03166666666666667)]","[np.float64(0.22416666666666665), np.float64(0.22416666666666665)]","[1, 1]","[0, 0]","[0, 0]","[1.3840766998473555, 2.4464205999393016]","[None, 'target']",184,0,184,0,375.65482300007716,,,,,,,,,10,375.6434921999462,375.65482300007716,375.65482300007716,0.030857899924740195,378.05966840009205,"[np.float64(0.006666666666666667), np.float64(0.03166666666666667)]","[np.float64(0.22416666666666665), np.float64(0.22416666666666665)]","[1, 1]","[0, 0]","[0, 0]","[1.3840766998473555, 2.4464205999393016]","[None, 'target']",,,,,3,001,2025-10-02_18h59.24.622,visual search,,2025.1.1,59.95261345642845,2025-10-02 18h59.30.204727 +0530,
185,0,185,[np.float64(0.03166666666666667)],[np.float64(-0.18916666666666668)],[1],[0],[0],[1.3028567000292242],['target'],185,0,185,0,378.0906082999427,,,,,,,,,5,378.08148419996724,378.0906082999427,378.0906082999427,0.021405900130048394,379.3637550000567,[np.float64(0.03166666666666667)],[np.float64(-0.18916666666666668)],[1],[0],[0],[1.3028567000292242],['target'],,,,,3,001,2025-10-02_18h59.24.622,visual search,,2025.1.1,59.95261345642845,2025-10-02 18h59.30.204727 +0530,
186,0,186,[np.float64(0.05)],[np.float64(0.305)],[1],[0],[0],[2.2793515999801457],['target'],186,0,186,0,379.4031490001362,,,,,,,,,10,379.3925833001267,379.4031490001362,379.4031490001362,0.028633999871090055,381.6438385001384,[np.float64(0.05)],[np.float64(0.305)],[1],[0],[0],[2.2793515999801457],['target'],,,,,3,001,2025-10-02_18h59.24.622,visual search,,2025.1.1,59.95261345642845,2025-10-02 18h59.30.204727 +0530,
187,0,187,[np.float64(0.47583333333333333)],[np.float64(0.050833333333333335)],[1],[0],[0],[1.9531177000608295],['target'],187,0,187,0,381.66806440008804,,,,,,,,,5,381.66034450009465,381.66806440008804,381.66806440008804,0.016204299870878458,383.59784550010227,[np.float64(0.47583333333333333)],[np.float64(0.050833333333333335)],[1],[0],[0],[1.9531177000608295],['target'],,,,,3,001,2025-10-02_18h59.24.622,visual search,,2025.1.1,59.95261345642845,2025-10-02 18h59.30.204727 +0530,
188,0,188,[np.float64(0.11416666666666667)],[np.float64(-0.030833333333333334)],[1],[0],[0],[1.0629658999387175],['target'],188,0,188,0,383.62175359996036,,,,,,,,,5,383.61386180017143,383.62175359996036,383.62175359996036,0.015824800124391913,384.6616555999499,[np.float64(0.11416666666666667)],[np.float64(-0.030833333333333334)],[1],[0],[0],[1.0629658999387175],['target'],,,,,3,001,2025-10-02_18h59.24.622,visual search,,2025.1.1,59.95261345642845,2025-10-02 18h59.30.204727 +0530,
189,0,189,[np.float64(-0.2816666666666667)],[np.float64(0.2833333333333333)],[1],[0],[0],[1.848808699985966],['target'],189,0,189,0,384.7095121999737,,,,,,,,,10,384.69480530009605,384.7095121999737,384.7095121999737,0.03286080015823245,386.51144780009054,[np.float64(-0.2816666666666667)],[np.float64(0.2833333333333333)],[1],[0],[0],[1.848808699985966],['target'],,,,,3,001,2025-10-02_18h59.24.622,visual search,,2025.1.1,59.95261345642845,2025-10-02 18h59.30.204727 +0530,
190,0,190,[np.float64(-0.13)],[np.float64(0.15916666666666668)],[1],[0],[0],[1.3494667999912053],['target'],190,0,190,0,386.5352803999558,,,,,,,,,5,386.52715740003623,386.5352803999558,386.5352803999558,0.015453799860551953,387.8617412999738,[np.float64(-0.13)],[np.float64(0.15916666666666668)],[1],[0],[0],[1.3494667999912053],['target'],,,,,3,001,2025-10-02_18h59.24.622,visual search,,2025.1.1,59.95261345642845,2025-10-02 18h59.30.204727 +0530,
191,0,191,[np.float64(-0.205)],[np.float64(0.30583333333333335)],[1],[0],[0],[1.0507518998347223],['target'],191,0,191,0,387.88838250003755,,,,,,,,,5,387.8801045999862,387.88838250003755,387.88838250003755,0.018181100022047758,388.91324770008214,[np.float64(-0.205)],[np.float64(0.30583333333333335)],[1],[0],[0],[1.0507518998347223],['target'],,,,,3,001,2025-10-02_18h59.24.622,visual search,,2025.1.1,59.95261345642845,2025-10-02 18h59.30.204727 +0530,
192,0,192,[np.float64(0.0425)],[np.float64(-0.2375)],[1],[0],[0],[1.0682906000874937],['target'],192,0,192,0,388.9384868000634,,,,,,,,,5,388.93007620004937,388.9384868000634,388.9384868000634,0.016659999964758754,389.98222020012327,[np.float64(0.0425)],[np.float64(-0.2375)],[1],[0],[0],[1.0682906000874937],['target'],,,,,3,001,2025-10-02_18h59.24.622,visual search,,2025.1.1,59.95261345642845,2025-10-02 18h59.30.204727 +0530,
193,0,193,[np.float64(0.43333333333333335)],[np.float64(-0.12916666666666668)],[1],[0],[0],[1.3457186000887305],['target'],193,0,193,0,390.01023460016586,,,,,,,,,5,390.00082620000467,390.01023460016586,390.01023460016586,0.018439000006765127,391.3286099000834,[np.float64(0.43333333333333335)],[np.float64(-0.12916666666666668)],[1],[0],[0],[1.3457186000887305],['target'],,,,,3,001,2025-10-02_18h59.24.622,visual search,,2025.1.1,59.95261345642845,2025-10-02 18h59.30.204727 +0530,
194,0,194,[np.float64(0.3425)],[np.float64(-0.0225)],[1],[0],[0],[0.8299082999583334],['target'],194,0,194,0,391.3694754000753,,,,,,,,,10,391.35775760002434,391.3694754000753,391.3694754000753,0.028949800180271268,392.15930780000053,[np.float64(0.3425)],[np.float64(-0.0225)],[1],[0],[0],[0.8299082999583334],['target'],,,,,3,001,2025-10-02_18h59.24.622,visual search,,2025.1.1,59.95261345642845,2025-10-02 18h59.30.204727 +0530,
195,0,195,[np.float64(0.05333333333333334)],[np.float64(0.12833333333333333)],[1],[0],[0],[1.1874810999725014],['target'],195,0,195,0,392.2035886000376,,,,,,,,,10,392.19140250002965,392.2035886000376,392.2035886000376,0.03182159992866218,393.34783240011893,[np.float64(0.05333333333333334)],[np.float64(0.12833333333333333)],[1],[0],[0],[1.1874810999725014],['target'],,,,,3,001,2025-10-02_18h59.24.622,visual search,,2025.1.1,59.95261345642845,2025-10-02 18h59.30.204727 +0530,
196,0,196,[np.float64(0.37416666666666665)],[np.float64(-0.058333333333333334)],[1],[0],[0],[1.763287500012666],['target'],196,0,196,0,393.3944131999742,,,,,,,,,10,393.3803971000016,393.3944131999742,393.3944131999742,0.03235039999708533,395.1118679000065,[np.float64(0.37416666666666665)],[np.float64(-0.058333333333333334)],[1],[0],[0],[1.763287500012666],['target'],,,,,3,001,2025-10-02_18h59.24.622,visual search,,2025.1.1,59.95261345642845,2025-10-02 18h59.30.204727 +0530,
197,0,197,[np.float64(-0.49)],[np.float64(-0.25083333333333335)],[1],[0],[0],[1.5964779001660645],['target'],197,0,197,0,395.14306699996814,,,,,,,,,5,395.1322441000957,395.14306699996814,395.14306699996814,0.020137300016358495,396.70942019997165,[np.float64(-0.49)],[np.float64(-0.25083333333333335)],[1],[0],[0],[1.5964779001660645],['target'],,,,,3,001,2025-10-02_18h59.24.622,visual search,,2025.1.1,59.95261345642845,2025-10-02 18h59.30.204727 +0530,
198,0,198,[np.float64(-0.145)],[np.float64(0.4)],[1],[0],[0],[1.8677403999026865],['target'],198,0,198,0,396.74301720014773,,,,,,,,,10,396.7323650000617,396.74301720014773,396.74301720014773,0.022750900126993656,398.5778375000227,[np.float64(-0.145)],[np.float64(0.4)],[1],[0],[0],[1.8677403999026865],['target'],,,,,3,001,2025-10-02_18h59.24.622,visual search,,2025.1.1,59.95261345642845,2025-10-02 18h59.30.204727 +0530,
199,0,199,[np.float64(0.24166666666666667)],[np.float64(-0.16583333333333333)],[1],[0],[0],[1.1337369000539184],['target'],199,0,199,0,398.59685020009056,,,,,,,,,5,398.5902953001205,398.59685020009056,398.59685020009056,0.01222650008276105,399.7123529999517,[np.float64(0.24166666666666667)],[np.float64(-0.16583333333333333)],[1],[0],[0],[1.1337369000539184],['target'],,,,,3,001,2025-10-02_18h59.24.622,visual search,,2025.1.1,59.95261345642845,2025-10-02 18h59.30.204727 +0530,
,,,,,,,,,,,,,,,,,,,,,,,,,,,,,,,,,,,,399.71265720017254,399.7240113001317,401.72423900011927,401.70855189999565,3,001,2025-10-02_18h59.24.622,visual search,,2025.1.1,59.95261345642845,2025-10-02 18h59.30.204727 +0530,
